Channel_DNA,Count_IdentifyPrimaryObjects,ExecutionTime_01Images,ExecutionTime_02Metadata,ExecutionTime_03NamesAndTypes,ExecutionTime_04Groups,ExecutionTime_05IdentifyPrimaryObjects,FileName_DNA,Frame_DNA,Group_Index,Group_Number,Height_DNA,ImageNumber,ImageSet_ImageSet,MD5Digest_DNA,Metadata_FileLocation,Metadata_Frame,Metadata_Series,ModuleError_01Images,ModuleError_02Metadata,ModuleError_03NamesAndTypes,ModuleError_04Groups,ModuleError_05IdentifyPrimaryObjects,PathName_DNA,ProcessingStatus,Scaling_DNA,Series_DNA,Threshold_FinalThreshold_IdentifyPrimaryObjects,Threshold_OrigThreshold_IdentifyPrimaryObjects,Threshold_SumOfEntropies_IdentifyPrimaryObjects,Threshold_WeightedVariance_IdentifyPrimaryObjects,URL_DNA,Width_DNA
-1,1568.0,0,0,1.2948083,0,4.3368278,30_5ug_liver_1_1_1_DAPI.tif,0,1,1,1460,1,eLvm+oYbG00StC3vDONdHAM89Uoy08DlG8ytwCAAuQGzJAQx4KUhJBCADHD4AWlgqNoBAFrYhcE=,67d33f5f058669523b1759566f2ee9c4,file:///R:/Sean/2018-07-02_PKH26_P.exo_Tail_Vein_Injection/30_5ug_liver_1_1_1_DAPI.tif,0,0,0,0,0,0,0,R:\Sean\2018-07-02_PKH26_P.exo_Tail_Vein_Injection,Done,16383,0,0.182719434844,0.182719434844,-13.1542001327,0.208536784058,file:///R:/Sean/2018-07-02_PKH26_P.exo_Tail_Vein_Injection/30_5ug_liver_1_1_1_DAPI.tif,1940
-1,1206.0,0,0,1.56001,0,4.4616286,30_5ug_liver_1_1_2_DAPI.tif,0,2,1,1460,2,eLvm+oYbG00StC3vjOJdHAM89Uoy08DlG8ytwCAAuQGzJAQx4KUhJBCADHD4AWlgqNoBAFsqhcI=,5167f6d2b6f6f97371bb35d25536322b,file:///R:/Sean/2018-07-02_PKH26_P.exo_Tail_Vein_Injection/30_5ug_liver_1_1_2_DAPI.tif,0,0,0,0,0,0,0,R:\Sean\2018-07-02_PKH26_P.exo_Tail_Vein_Injection,Done,16383,0,0.242411785526,0.242411785526,-12.987351929,0.194463493314,file:///R:/Sean/2018-07-02_PKH26_P.exo_Tail_Vein_Injection/30_5ug_liver_1_1_2_DAPI.tif,1940
-1,721.0,0,0,1.4196091,0,4.2900275,30_5ug_liver_1_1_3_DAPI.tif,0,3,1,1460,3,eLvm+oYbG00StC3vjONdHAM89Uoy08DlG8ytwCAAuQGzJAQx4KUhJBCADHD4AWlgqNoBAFt8hcM=,da37c54d68af54d87aab8bf6b983546e,file:///R:/Sean/2018-07-02_PKH26_P.exo_Tail_Vein_Injection/30_5ug_liver_1_1_3_DAPI.tif,0,0,0,0,0,0,0,R:\Sean\2018-07-02_PKH26_P.exo_Tail_Vein_Injection,Done,16383,0,0.190796523821,0.190796523821,-13.2548289338,0.328476443224,file:///R:/Sean/2018-07-02_PKH26_P.exo_Tail_Vein_Injection/30_5ug_liver_1_1_3_DAPI.tif,1940
-1,1081.0,0,0,1.3884089,0,4.6956301,30_5ug_liver_1_1_4_DAPI.tif,0,4,1,1460,4,eLvm+oYbG00StC3vTOJdHAM89Uoy08DlG8ytwCAAuQGzJAQx4KUhJBCADHD4AWlgqNoBAFvOhcQ=,98ed6b3e176f7b15854553b92e05230d,file:///R:/Sean/2018-07-02_PKH26_P.exo_Tail_Vein_Injection/30_5ug_liver_1_1_4_DAPI.tif,0,0,0,0,0,0,0,R:\Sean\2018-07-02_PKH26_P.exo_Tail_Vein_Injection,Done,16383,0,0.252394242911,0.252394242911,-13.2176738364,0.265247576267,file:///R:/Sean/2018-07-02_PKH26_P.exo_Tail_Vein_Injection/30_5ug_liver_1_1_4_DAPI.tif,1940
-1,1276.0,0,0,0.6864044,0,5.2260335,30_5ug_liver_1_1_5_DAPI.tif,0,5,1,1460,5,eLvm+oYbG00StC3vTONdHAM89Uoy08DlG8ytwCAAuQGzJAQx4KUhJBCADHD4AWlgqNoBAFwghcU=,9464f843f27cec75bd33c9c394209395,file:///R:/Sean/2018-07-02_PKH26_P.exo_Tail_Vein_Injection/30_5ug_liver_1_1_5_DAPI.tif,0,0,0,0,0,0,0,R:\Sean\2018-07-02_PKH26_P.exo_Tail_Vein_Injection,Done,16383,0,0.309430943569,0.309430943569,-13.025535896,0.113785094123,file:///R:/Sean/2018-07-02_PKH26_P.exo_Tail_Vein_Injection/30_5ug_liver_1_1_5_DAPI.tif,1940
-1,1430.0,0,0,0.4836031,0,5.0544324,30_5ug_liver_1_2_1_DAPI.tif,0,6,1,1460,6,eLvm+oYbG00StCzvjIDYxTHAU68kMw1cvsHcCgwCkBswS0IQA14aQgIByACHH5AGhqodAFsshcI=,f00414ebf27c22211bad7a8d52ef37a8,file:///R:/Sean/2018-07-02_PKH26_P.exo_Tail_Vein_Injection/30_5ug_liver_1_2_1_DAPI.tif,0,0,0,0,0,0,0,R:\Sean\2018-07-02_PKH26_P.exo_Tail_Vein_Injection,Done,16383,0,0.179396212101,0.179396212101,-12.8683847707,0.187411473096,file:///R:/Sean/2018-07-02_PKH26_P.exo_Tail_Vein_Injection/30_5ug_liver_1_2_1_DAPI.tif,1940
-1,1491.0,0,0,0.7644049,0,4.368028,30_5ug_liver_1_2_2_DAPI.tif,0,7,1,1460,7,eLvm+oYbG00StCzvjIDQxTHAU68kMw1cvsHcCgwCkBswS0IQA14aQgIByACHH5AGhqodAFt+hcM=,5e77d6b184cd1003514811e69467afcf,file:///R:/Sean/2018-07-02_PKH26_P.exo_Tail_Vein_Injection/30_5ug_liver_1_2_2_DAPI.tif,0,0,0,0,0,0,0,R:\Sean\2018-07-02_PKH26_P.exo_Tail_Vein_Injection,Done,16383,0,0.179699188564,0.179699188564,-13.0255203733,0.159982140194,file:///R:/Sean/2018-07-02_PKH26_P.exo_Tail_Vein_Injection/30_5ug_liver_1_2_2_DAPI.tif,1940
-1,1251.0,0,0,0.9984064,0,5.0856326,30_5ug_liver_1_2_3_DAPI.tif,0,8,1,1460,8,eLvm+oYbG00StCzvjOKN410cAzz1SjLTwOUbzK3AIAC5AbMkBDHgpSEkEIAMcPgBaWCo2gEAW9CFxA==,ea7e648b9643c7beec4978b9cae9bbf5,file:///R:/Sean/2018-07-02_PKH26_P.exo_Tail_Vein_Injection/30_5ug_liver_1_2_3_DAPI.tif,0,0,0,0,0,0,0,R:\Sean\2018-07-02_PKH26_P.exo_Tail_Vein_Injection,Done,16383,0,0.261990298051,0.261990298051,-13.0581101779,0.164881113554,file:///R:/Sean/2018-07-02_PKH26_P.exo_Tail_Vein_Injection/30_5ug_liver_1_2_3_DAPI.tif,1940
-1,958.0,0,0,1.0140065,0,4.6176296,30_5ug_liver_1_2_4_DAPI.tif,0,9,1,1460,9,eLvm+oYbG00StCzvjOJN4l0cAzz1SjLTwOUbzK3AIAC5AbMkBDHgpSEkEIAMcPgBaWCo2gEAXCKFxQ==,a61c13c3ca474e682a8951202f6ed375,file:///R:/Sean/2018-07-02_PKH26_P.exo_Tail_Vein_Injection/30_5ug_liver_1_2_4_DAPI.tif,0,0,0,0,0,0,0,R:\Sean\2018-07-02_PKH26_P.exo_Tail_Vein_Injection,Done,16383,0,0.172778870212,0.172778870212,-13.0907082863,0.387004255769,file:///R:/Sean/2018-07-02_PKH26_P.exo_Tail_Vein_Injection/30_5ug_liver_1_2_4_DAPI.tif,1940
-1,737.0,0,0,0.5616036,0,4.7112302,30_5ug_liver_1_2_5_DAPI.tif,0,10,1,1460,10,eLvm+oYbG00StCzvjOJN410cAzz1SjLTwOUbzK3AIAC5AbMkBDHgpSEkEIAMcPgBaWCo2gEAXHSFxg==,e9dbaee3f29e4f8519ea5e7a8f21aaa4,file:///R:/Sean/2018-07-02_PKH26_P.exo_Tail_Vein_Injection/30_5ug_liver_1_2_5_DAPI.tif,0,0,0,0,0,0,0,R:\Sean\2018-07-02_PKH26_P.exo_Tail_Vein_Injection,Done,16383,0,0.215672616847,0.215672616847,-13.1287038311,0.179657736148,file:///R:/Sean/2018-07-02_PKH26_P.exo_Tail_Vein_Injection/30_5ug_liver_1_2_5_DAPI.tif,1940
-1,1760.0,0,0,0.5148033,0,5.6940365,30_5ug_liver_1_3_1_DAPI.tif,0,11,1,1460,11,eLvm+oYbG00StCzvjIHYxTHAU68kMw1cvsHcCgwCkBswS0IQA14aQgIByACHH5AGhqodAFuAhcM=,9cc5a916052bb8a14492e446714f77f7,file:///R:/Sean/2018-07-02_PKH26_P.exo_Tail_Vein_Injection/30_5ug_liver_1_3_1_DAPI.tif,0,0,0,0,0,0,0,R:\Sean\2018-07-02_PKH26_P.exo_Tail_Vein_Injection,Done,16383,0,0.184185505379,0.184185505379,-12.7983093351,0.13840327816,file:///R:/Sean/2018-07-02_PKH26_P.exo_Tail_Vein_Injection/30_5ug_liver_1_3_1_DAPI.tif,1940
-1,2078.0,0,0,0.6396041,0,6.7860435,30_5ug_liver_1_3_2_DAPI.tif,0,12,1,1460,12,eLvm+oYbG00StCzvjOON4l0cAzz1SjLTwOUbzK3AIAC5AbMkBDHgpSEkEIAMcPgBaWCo2gEAW9KFxA==,d7b83036333a0aad16a7988025acea04,file:///R:/Sean/2018-07-02_PKH26_P.exo_Tail_Vein_Injection/30_5ug_liver_1_3_2_DAPI.tif,0,0,0,0,0,0,0,R:\Sean\2018-07-02_PKH26_P.exo_Tail_Vein_Injection,Done,16383,0,0.164388961857,0.164388961857,-12.9899869144,0.172088112036,file:///R:/Sean/2018-07-02_PKH26_P.exo_Tail_Vein_Injection/30_5ug_liver_1_3_2_DAPI.tif,1940
-1,2082.0,0,0,0.7956051,0,6.3336406,30_5ug_liver_1_3_3_DAPI.tif,0,13,1,1460,13,eLvm+oYbG00StCzvjIHQxTHAU68kMw1cvsHcCgwCkBswS0IQA14aQgIByACHH5AGhqodAFwkhcU=,9860d110c2cd3df787c30f2a8a5592e0,file:///R:/Sean/2018-07-02_PKH26_P.exo_Tail_Vein_Injection/30_5ug_liver_1_3_3_DAPI.tif,0,0,0,0,0,0,0,R:\Sean\2018-07-02_PKH26_P.exo_Tail_Vein_Injection,Done,16383,0,0.208992809523,0.208992809523,-13.0636814016,0.21607520809,file:///R:/Sean/2018-07-02_PKH26_P.exo_Tail_Vein_Injection/30_5ug_liver_1_3_3_DAPI.tif,1940
-1,1843.0,0,0,0.6552042,0,5.4288348,30_5ug_liver_1_3_4_DAPI.tif,0,14,1,1460,14,eLvm+oYbG00StCzvjONN4l0cAzz1SjLTwOUbzK3AIAC5AbMkBDHgpSEkEIAMcPgBaWCo2gEAXHaFxg==,355f2c1d5e01223ced9c01f3298987d2,file:///R:/Sean/2018-07-02_PKH26_P.exo_Tail_Vein_Injection/30_5ug_liver_1_3_4_DAPI.tif,0,0,0,0,0,0,0,R:\Sean\2018-07-02_PKH26_P.exo_Tail_Vein_Injection,Done,16383,0,0.292046742747,0.292046742747,-13.0950679221,0.165513380392,file:///R:/Sean/2018-07-02_PKH26_P.exo_Tail_Vein_Injection/30_5ug_liver_1_3_4_DAPI.tif,1940
-1,1529.0,0,0,0.5304034,0,4.7424304,30_5ug_liver_1_3_5_DAPI.tif,0,15,1,1460,15,eLvm+oYbG00StCzvjONN410cAzz1SjLTwOUbzK3AIAC5AbMkBDHgpSEkEIAMcPgBaWCo2gEAXMiFxw==,888d50904ae39914fffd9035b741c4d9,file:///R:/Sean/2018-07-02_PKH26_P.exo_Tail_Vein_Injection/30_5ug_liver_1_3_5_DAPI.tif,0,0,0,0,0,0,0,R:\Sean\2018-07-02_PKH26_P.exo_Tail_Vein_Injection,Done,16383,0,0.274787644623,0.274787644623,-13.3466401248,0.234819934902,file:///R:/Sean/2018-07-02_PKH26_P.exo_Tail_Vein_Injection/30_5ug_liver_1_3_5_DAPI.tif,1940
-1,1465.0,0,0,0.624004,0,6.1776396,30_5ug_liver_2_1_1_DAPI.tif,0,16,1,1460,16,eLvm+oYbG00StCvvjMAlnotjgKdeSWYauHyDuRUYBCA3YJaEIAa8NIQEApABDj8gDQxVOwBbLoXC,d280fc373291e83f721edbdcaacc33e9,file:///R:/Sean/2018-07-02_PKH26_P.exo_Tail_Vein_Injection/30_5ug_liver_2_1_1_DAPI.tif,0,0,0,0,0,0,0,R:\Sean\2018-07-02_PKH26_P.exo_Tail_Vein_Injection,Done,16383,0,0.228381838184,0.228381838184,-13.4237790198,0.525592516711,file:///R:/Sean/2018-07-02_PKH26_P.exo_Tail_Vein_Injection/30_5ug_liver_2_1_1_DAPI.tif,1940
-1,1271.0,0,0,0.9828063,0,6.1776396,30_5ug_liver_2_1_2_DAPI.tif,0,17,1,1460,17,eLvm+oYbG00StCvvjIDlnVG8i2OAp15JZhq4fIO5FRgEIDdgloQgBrw0hAQCkAEOPyANDFU7AFuAhcM=,d61ada692d949f502ca906d9a34c6a3b,file:///R:/Sean/2018-07-02_PKH26_P.exo_Tail_Vein_Injection/30_5ug_liver_2_1_2_DAPI.tif,0,0,0,0,0,0,0,R:\Sean\2018-07-02_PKH26_P.exo_Tail_Vein_Injection,Done,16383,0,0.285375980427,0.285375980427,-12.8012729603,0.119868199679,file:///R:/Sean/2018-07-02_PKH26_P.exo_Tail_Vein_Injection/30_5ug_liver_2_1_2_DAPI.tif,1940
-1,2023.0,0,0,1.248008,0,6.5364419,30_5ug_liver_2_1_3_DAPI.tif,0,18,1,1460,18,eLvm+oYbG00StCvvjIDlnXG8i2OAp15JZhq4fIO5FRgEIDdgloQgBrw0hAQCkAEOPyANDFU7AFvShcQ=,2f33b4d2c665f7294530a8660e4431c6,file:///R:/Sean/2018-07-02_PKH26_P.exo_Tail_Vein_Injection/30_5ug_liver_2_1_3_DAPI.tif,0,0,0,0,0,0,0,R:\Sean\2018-07-02_PKH26_P.exo_Tail_Vein_Injection,Done,16383,0,0.174777174369,0.174777174369,-12.2197380939,0.0551426039677,file:///R:/Sean/2018-07-02_PKH26_P.exo_Tail_Vein_Injection/30_5ug_liver_2_1_3_DAPI.tif,1940
-1,1667.0,0,0,0.2652017,0,5.616036,30_5ug_liver_2_1_4_DAPI.tif,0,19,1,1460,19,eLvm+oYbG00StCvvjIDlnUm8i2OAp15JZhq4fIO5FRgEIDdgloQgBrw0hAQCkAEOPyANDFU7AFwkhcU=,523a9b7d83daed84732a39f10e6a490e,file:///R:/Sean/2018-07-02_PKH26_P.exo_Tail_Vein_Injection/30_5ug_liver_2_1_4_DAPI.tif,0,0,0,0,0,0,0,R:\Sean\2018-07-02_PKH26_P.exo_Tail_Vein_Injection,Done,16383,0,0.234695286956,0.234695286956,-13.1304171671,0.231194599784,file:///R:/Sean/2018-07-02_PKH26_P.exo_Tail_Vein_Injection/30_5ug_liver_2_1_4_DAPI.tif,1940
-1,1260.0,0,0,0.2964019,0,5.4132347,30_5ug_liver_2_1_5_DAPI.tif,0,20,1,1460,20,eLvm+oYbG00StCvvjIDlnWm8i2OAp15JZhq4fIO5FRgEIDdgloQgBrw0hAQCkAEOPyANDFU7AFx2hcY=,db8ed36effcc33c93c3dea0de3e4651d,file:///R:/Sean/2018-07-02_PKH26_P.exo_Tail_Vein_Injection/30_5ug_liver_2_1_5_DAPI.tif,0,0,0,0,0,0,0,R:\Sean\2018-07-02_PKH26_P.exo_Tail_Vein_Injection,Done,16383,0,0.214736434165,0.214736434165,-12.6577113263,0.265721847278,file:///R:/Sean/2018-07-02_PKH26_P.exo_Tail_Vein_Injection/30_5ug_liver_2_1_5_DAPI.tif,1940
-1,1944.0,0,0,0.3432022,0,6.5832422,30_5ug_liver_2_2_1_DAPI.tif,0,21,1,1460,21,eLvm+oYbG00StCvvjIDQMN7FMcBTryQzDVy+wdwKDAKQGzBLQhADXhpCAgHIAIcfkAaGqh0AW4KFww==,3d025dfad89b2b3582807d9e964f0c89,file:///R:/Sean/2018-07-02_PKH26_P.exo_Tail_Vein_Injection/30_5ug_liver_2_2_1_DAPI.tif,0,0,0,0,0,0,0,R:\Sean\2018-07-02_PKH26_P.exo_Tail_Vein_Injection,Done,16383,0,0.17648026254,0.17648026254,-12.2946204832,0.0938596330749,file:///R:/Sean/2018-07-02_PKH26_P.exo_Tail_Vein_Injection/30_5ug_liver_2_2_1_DAPI.tif,1940
-1,1027.0,0,0,0.4212027,0,7.1292457,30_5ug_liver_2_2_2_DAPI.tif,0,22,1,1460,22,eLvm+oYbG00StCvvjMDQxTHAU68kMw1cvsHcCgwCkBswS0IQA14aQgIByACHH5AGhqodAFvUhcQ=,71e6227c150a26605331fd14ad4f03e8,file:///R:/Sean/2018-07-02_PKH26_P.exo_Tail_Vein_Injection/30_5ug_liver_2_2_2_DAPI.tif,0,0,0,0,0,0,0,R:\Sean\2018-07-02_PKH26_P.exo_Tail_Vein_Injection,Done,16383,0,0.179790077964,0.179790077964,-12.4741014724,0.310922432525,file:///R:/Sean/2018-07-02_PKH26_P.exo_Tail_Vein_Injection/30_5ug_liver_2_2_2_DAPI.tif,1940
-1,1836.0,0,0,0.4524029,0,5.7564369,30_5ug_liver_2_2_3_DAPI.tif,0,23,1,1460,23,eLvm+oYbG00StCvvjIDQON7FMcBTryQzDVy+wdwKDAKQGzBLQhADXhpCAgHIAIcfkAaGqh0AXCaFxQ==,8f88fdf17ec23dac731e603ae76017f3,file:///R:/Sean/2018-07-02_PKH26_P.exo_Tail_Vein_Injection/30_5ug_liver_2_2_3_DAPI.tif,0,0,0,0,0,0,0,R:\Sean\2018-07-02_PKH26_P.exo_Tail_Vein_Injection,Done,16383,0,0.300239370903,0.300239370903,-13.2621114303,0.214310316061,file:///R:/Sean/2018-07-02_PKH26_P.exo_Tail_Vein_Injection/30_5ug_liver_2_2_3_DAPI.tif,1940
-1,1595.0,0,0,0.3276021,0,6.0528388,30_5ug_liver_2_2_4_DAPI.tif,0,24,1,1460,24,eLvm+oYbG00StCvvjIDQJN7FMcBTryQzDVy+wdwKDAKQGzBLQhADXhpCAgHIAIcfkAaGqh0AXHiFxg==,e1547138be4359cb6c0bf52220986dc4,file:///R:/Sean/2018-07-02_PKH26_P.exo_Tail_Vein_Injection/30_5ug_liver_2_2_4_DAPI.tif,0,0,0,0,0,0,0,R:\Sean\2018-07-02_PKH26_P.exo_Tail_Vein_Injection,Done,16383,0,0.222774829948,0.222774829948,-11.912648523,0.0570661863317,file:///R:/Sean/2018-07-02_PKH26_P.exo_Tail_Vein_Injection/30_5ug_liver_2_2_4_DAPI.tif,1940
-1,1735.0,0,0,0.5616036,0,6.9420445,30_5ug_liver_2_2_5_DAPI.tif,0,25,1,1460,25,eLvm+oYbG00StCvvjIDQNN7FMcBTryQzDVy+wdwKDAKQGzBLQhADXhpCAgHIAIcfkAaGqh0AXMqFxw==,cba27f383c389b7a584817c4bad9ef6c,file:///R:/Sean/2018-07-02_PKH26_P.exo_Tail_Vein_Injection/30_5ug_liver_2_2_5_DAPI.tif,0,0,0,0,0,0,0,R:\Sean\2018-07-02_PKH26_P.exo_Tail_Vein_Injection,Done,16383,0,0.243355897954,0.243355897954,-12.597414144,0.0986172879713,file:///R:/Sean/2018-07-02_PKH26_P.exo_Tail_Vein_Injection/30_5ug_liver_2_2_5_DAPI.tif,1940
-1,1942.0,0,0,0.4524029,0,6.1464394,30_5ug_liver_2_3_1_DAPI.tif,0,26,1,1460,26,eLvm+oYbG00StCvvjOKNgSWei2OAp15JZhq4fIO5FRgEIDdgloQgBrw0hAQCkAEOPyANDFU7AFvWhcQ=,a6a46c55ed945d7e15922559732691fa,file:///R:/Sean/2018-07-02_PKH26_P.exo_Tail_Vein_Injection/30_5ug_liver_2_3_1_DAPI.tif,0,0,0,0,0,0,0,R:\Sean\2018-07-02_PKH26_P.exo_Tail_Vein_Injection,Done,16383,0,0.222853234271,0.222853234271,-12.8821788662,0.147133740907,file:///R:/Sean/2018-07-02_PKH26_P.exo_Tail_Vein_Injection/30_5ug_liver_2_3_1_DAPI.tif,1940
-1,1280.0,0,0,0.2028013,0,5.8032372,30_5ug_liver_2_3_2_DAPI.tif,0,27,1,1460,27,eLvm+oYbG00StCvvjOKNgdjFMcBTryQzDVy+wdwKDAKQGzBLQhADXhpCAgHIAIcfkAaGqh0AXCiFxQ==,5721210c1006bf0ac6845ec6a9fbe9c0,file:///R:/Sean/2018-07-02_PKH26_P.exo_Tail_Vein_Injection/30_5ug_liver_2_3_2_DAPI.tif,0,0,0,0,0,0,0,R:\Sean\2018-07-02_PKH26_P.exo_Tail_Vein_Injection,Done,16383,0,0.301777170273,0.301777170273,-13.3460581531,0.550630819383,file:///R:/Sean/2018-07-02_PKH26_P.exo_Tail_Vein_Injection/30_5ug_liver_2_3_2_DAPI.tif,1940
-1,1734.0,0,0,0.3900025,0,6.084039,30_5ug_liver_2_3_3_DAPI.tif,0,28,1,1460,28,eLvm+oYbG00StCvvjOKNgdDFMcBTryQzDVy+wdwKDAKQGzBLQhADXhpCAgHIAIcfkAaGqh0AXHqFxg==,f3a41c636add8f4dbc11624524b975f1,file:///R:/Sean/2018-07-02_PKH26_P.exo_Tail_Vein_Injection/30_5ug_liver_2_3_3_DAPI.tif,0,0,0,0,0,0,0,R:\Sean\2018-07-02_PKH26_P.exo_Tail_Vein_Injection,Done,16383,0,0.297555237077,0.297555237077,-13.2508642142,0.223239204412,file:///R:/Sean/2018-07-02_PKH26_P.exo_Tail_Vein_Injection/30_5ug_liver_2_3_3_DAPI.tif,1940
-1,1634.0,0,0,0.1872012,0,5.9748383,30_5ug_liver_2_3_4_DAPI.tif,0,29,1,1460,29,eLvm+oYbG00StCvvjOKN403iXRwDPPVKMtPA5RvMrcAgALkBsyQEMeClISQQgAxw+AFpYKjaAQBczIXH,cc6bda7e11705a452644344eaea773fe,file:///R:/Sean/2018-07-02_PKH26_P.exo_Tail_Vein_Injection/30_5ug_liver_2_3_4_DAPI.tif,0,0,0,0,0,0,0,R:\Sean\2018-07-02_PKH26_P.exo_Tail_Vein_Injection,Done,16383,0,0.319012049586,0.319012049586,-12.9200266078,0.177323041149,file:///R:/Sean/2018-07-02_PKH26_P.exo_Tail_Vein_Injection/30_5ug_liver_2_3_4_DAPI.tif,1940
-1,1894.0,0,0,0.3432022,0,6.084039,30_5ug_liver_2_3_5_DAPI.tif,0,30,1,1460,30,eLvm+oYbG00StCvvjOKN403jXRwDPPVKMtPA5RvMrcAgALkBsyQEMeClISQQgAxw+AFpYKjaAQBdHoXI,f84c8ce99091793b14b23fdec282bc60,file:///R:/Sean/2018-07-02_PKH26_P.exo_Tail_Vein_Injection/30_5ug_liver_2_3_5_DAPI.tif,0,0,0,0,0,0,0,R:\Sean\2018-07-02_PKH26_P.exo_Tail_Vein_Injection,Done,16383,0,0.241383963032,0.241383963032,-13.0587591057,0.158957685642,file:///R:/Sean/2018-07-02_PKH26_P.exo_Tail_Vein_Injection/30_5ug_liver_2_3_5_DAPI.tif,1940
-1,1620.0,0,0,0.2964019,0,5.6784364,30_5ug_liver_3_1_1_DAPI.tif,0,31,1,1460,31,eLvm+oYbG00StCvvjMElnotjgKdeSWYauHyDuRUYBCA3YJaEIAa8NIQEApABDj8gDQxVOwBbhIXD,9e94974dc3a7b036b9918e257aad0859,file:///R:/Sean/2018-07-02_PKH26_P.exo_Tail_Vein_Injection/30_5ug_liver_3_1_1_DAPI.tif,0,0,0,0,0,0,0,R:\Sean\2018-07-02_PKH26_P.exo_Tail_Vein_Injection,Done,16383,0,0.283215312986,0.283215312986,-13.3294767311,0.33645987005,file:///R:/Sean/2018-07-02_PKH26_P.exo_Tail_Vein_Injection/30_5ug_liver_3_1_1_DAPI.tif,1940
-1,1685.0,0,0,0.312002,0,5.7096366,30_5ug_liver_3_1_2_DAPI.tif,0,32,1,1460,32,eLvm+oYbG00StCvvjIHlnVG8i2OAp15JZhq4fIO5FRgEIDdgloQgBrw0hAQCkAEOPyANDFU7AFvWhcQ=,4801442cdd789f75ca1682ef00bab5eb,file:///R:/Sean/2018-07-02_PKH26_P.exo_Tail_Vein_Injection/30_5ug_liver_3_1_2_DAPI.tif,0,0,0,0,0,0,0,R:\Sean\2018-07-02_PKH26_P.exo_Tail_Vein_Injection,Done,16383,0,0.240407498553,0.240407498553,-12.8876809369,0.219881642977,file:///R:/Sean/2018-07-02_PKH26_P.exo_Tail_Vein_Injection/30_5ug_liver_3_1_2_DAPI.tif,1940
-1,1403.0,0,0,0.312002,0,5.4132347,30_5ug_liver_3_1_3_DAPI.tif,0,33,1,1460,33,eLvm+oYbG00StCvvjIHlnXG8i2OAp15JZhq4fIO5FRgEIDdgloQgBrw0hAQCkAEOPyANDFU7AFwohcU=,958da5a759cefe474380f545cb58a88b,file:///R:/Sean/2018-07-02_PKH26_P.exo_Tail_Vein_Injection/30_5ug_liver_3_1_3_DAPI.tif,0,0,0,0,0,0,0,R:\Sean\2018-07-02_PKH26_P.exo_Tail_Vein_Injection,Done,16383,0,0.197125516832,0.197125516832,-13.1983331053,0.432471742354,file:///R:/Sean/2018-07-02_PKH26_P.exo_Tail_Vein_Injection/30_5ug_liver_3_1_3_DAPI.tif,1940
-1,395.0,0,0,0.2808018,0,4.6176296,30_5ug_liver_3_1_4_DAPI.tif,0,34,1,1460,34,eLvm+oYbG00StCvvjIHlnUm8i2OAp15JZhq4fIO5FRgEIDdgloQgBrw0hAQCkAEOPyANDFU7AFx6hcY=,1f7ba8e5b2a199aee2a66055b38daf53,file:///R:/Sean/2018-07-02_PKH26_P.exo_Tail_Vein_Injection/30_5ug_liver_3_1_4_DAPI.tif,0,0,0,0,0,0,0,R:\Sean\2018-07-02_PKH26_P.exo_Tail_Vein_Injection,Done,16383,0,0.18867553235,0.18867553235,-12.9558752853,0.355551753955,file:///R:/Sean/2018-07-02_PKH26_P.exo_Tail_Vein_Injection/30_5ug_liver_3_1_4_DAPI.tif,1940
-1,1767.0,0,0,0.4368028,0,6.0684389,30_5ug_liver_3_1_5_DAPI.tif,0,35,1,1460,35,eLvm+oYbG00StCvvjIHlnWm8i2OAp15JZhq4fIO5FRgEIDdgloQgBrw0hAQCkAEOPyANDFU7AFzMhcc=,b288934048c5e9f47cea5d47c390394b,file:///R:/Sean/2018-07-02_PKH26_P.exo_Tail_Vein_Injection/30_5ug_liver_3_1_5_DAPI.tif,0,0,0,0,0,0,0,R:\Sean\2018-07-02_PKH26_P.exo_Tail_Vein_Injection,Done,16383,0,0.165670205839,0.165670205839,-12.7564464107,0.133703317387,file:///R:/Sean/2018-07-02_PKH26_P.exo_Tail_Vein_Injection/30_5ug_liver_3_1_5_DAPI.tif,1940
-1,1559.0,0,0,0.2496016,0,5.8656376,30_5ug_liver_3_2_1_DAPI.tif,0,36,1,1460,36,eLvm+oYbG00StCvvjOONgCWei2OAp15JZhq4fIO5FRgEIDdgloQgBrw0hAQCkAEOPyANDFU7AFvYhcQ=,f8d33e6b9ca0d457a60a3a217261098b,file:///R:/Sean/2018-07-02_PKH26_P.exo_Tail_Vein_Injection/30_5ug_liver_3_2_1_DAPI.tif,0,0,0,0,0,0,0,R:\Sean\2018-07-02_PKH26_P.exo_Tail_Vein_Injection,Done,16383,0,0.212894718163,0.212894718163,-12.8182944413,0.145486884324,file:///R:/Sean/2018-07-02_PKH26_P.exo_Tail_Vein_Injection/30_5ug_liver_3_2_1_DAPI.tif,1940
-1,1637.0,0,0,0.2652017,0,6.2556401,30_5ug_liver_3_2_2_DAPI.tif,0,37,1,1460,37,eLvm+oYbG00StCvvjOONgNDFMcBTryQzDVy+wdwKDAKQGzBLQhADXhpCAgHIAIcfkAaGqh0AXCqFxQ==,b0de207d52a3773578489a5616610a01,file:///R:/Sean/2018-07-02_PKH26_P.exo_Tail_Vein_Injection/30_5ug_liver_3_2_2_DAPI.tif,0,0,0,0,0,0,0,R:\Sean\2018-07-02_PKH26_P.exo_Tail_Vein_Injection,Done,16383,0,0.23754187813,0.23754187813,-13.091853259,0.29624737559,file:///R:/Sean/2018-07-02_PKH26_P.exo_Tail_Vein_Injection/30_5ug_liver_3_2_2_DAPI.tif,1940
-1,1781.0,0,0,0.312002,0,6.4116411,30_5ug_liver_3_2_3_DAPI.tif,0,38,1,1460,38,eLvm+oYbG00StCvvjOONgNjFMcBTryQzDVy+wdwKDAKQGzBLQhADXhpCAgHIAIcfkAaGqh0AXHyFxg==,3875853916a08df99a1744d619a6b0d5,file:///R:/Sean/2018-07-02_PKH26_P.exo_Tail_Vein_Injection/30_5ug_liver_3_2_3_DAPI.tif,0,0,0,0,0,0,0,R:\Sean\2018-07-02_PKH26_P.exo_Tail_Vein_Injection,Done,16383,0,0.320004418259,0.320004418259,-13.2025219403,0.251995010063,file:///R:/Sean/2018-07-02_PKH26_P.exo_Tail_Vein_Injection/30_5ug_liver_3_2_3_DAPI.tif,1940
-1,2035.0,0,0,0.2184014,0,6.3492407,30_5ug_liver_3_2_4_DAPI.tif,0,39,1,1460,39,eLvm+oYbG00StCvvjOON4k3iXRwDPPVKMtPA5RvMrcAgALkBsyQEMeClISQQgAxw+AFpYKjaAQBczoXH,c8ce17f19c7510e1b5d38495f6e0c833,file:///R:/Sean/2018-07-02_PKH26_P.exo_Tail_Vein_Injection/30_5ug_liver_3_2_4_DAPI.tif,0,0,0,0,0,0,0,R:\Sean\2018-07-02_PKH26_P.exo_Tail_Vein_Injection,Done,16383,0,0.291883706348,0.291883706348,-13.0448279278,0.202696885791,file:///R:/Sean/2018-07-02_PKH26_P.exo_Tail_Vein_Injection/30_5ug_liver_3_2_4_DAPI.tif,1940
-1,723.0,0,0,0.1872012,0,6.2868403,30_5ug_liver_3_2_5_DAPI.tif,0,40,1,1460,40,eLvm+oYbG00StCvvjOON4k3jXRwDPPVKMtPA5RvMrcAgALkBsyQEMeClISQQgAxw+AFpYKjaAQBdIIXI,b166dfc21582869b4870b3e90840a9bd,file:///R:/Sean/2018-07-02_PKH26_P.exo_Tail_Vein_Injection/30_5ug_liver_3_2_5_DAPI.tif,0,0,0,0,0,0,0,R:\Sean\2018-07-02_PKH26_P.exo_Tail_Vein_Injection,Done,16383,0,0.206580984173,0.206580984173,-13.2061989074,0.452823848453,file:///R:/Sean/2018-07-02_PKH26_P.exo_Tail_Vein_Injection/30_5ug_liver_3_2_5_DAPI.tif,1940
-1,1836.0,0,0,0.6084039,0,6.4896416,30_5ug_liver_3_3_1_DAPI.tif,0,41,1,1460,41,eLvm+oYbG00StCvvjIHQMN7FMcBTryQzDVy+wdwKDAKQGzBLQhADXhpCAgHIAIcfkAaGqh0AXCyFxQ==,5bf7e3b635cb938a5e982f9292797ae9,file:///R:/Sean/2018-07-02_PKH26_P.exo_Tail_Vein_Injection/30_5ug_liver_3_3_1_DAPI.tif,0,0,0,0,0,0,0,R:\Sean\2018-07-02_PKH26_P.exo_Tail_Vein_Injection,Done,16383,0,0.150789964013,0.150789964013,-11.8585457319,0.0945841558996,file:///R:/Sean/2018-07-02_PKH26_P.exo_Tail_Vein_Injection/30_5ug_liver_3_3_1_DAPI.tif,1940
-1,1462.0,0,0,0.1716011,0,5.6472362,30_5ug_liver_3_3_2_DAPI.tif,0,42,1,1460,42,eLvm+oYbG00StCvvjIHQKN7FMcBTryQzDVy+wdwKDAKQGzBLQhADXhpCAgHIAIcfkAaGqh0AXH6Fxg==,98a18e1d82dbb005003eab84f607cd4b,file:///R:/Sean/2018-07-02_PKH26_P.exo_Tail_Vein_Injection/30_5ug_liver_3_3_2_DAPI.tif,0,0,0,0,0,0,0,R:\Sean\2018-07-02_PKH26_P.exo_Tail_Vein_Injection,Done,16383,0,0.174011541298,0.174011541298,-13.0351747619,0.530767811556,file:///R:/Sean/2018-07-02_PKH26_P.exo_Tail_Vein_Injection/30_5ug_liver_3_3_2_DAPI.tif,1940
-1,905.0,0,0,0.5304034,0,6.7392432,30_5ug_liver_3_3_3_DAPI.tif,0,43,1,1460,43,eLvm+oYbG00StCvvjMHQxTHAU68kMw1cvsHcCgwCkBswS0IQA14aQgIByACHH5AGhqodAFzQhcc=,13ee5036bad81b33f3ad2f6dafa66dbf,file:///R:/Sean/2018-07-02_PKH26_P.exo_Tail_Vein_Injection/30_5ug_liver_3_3_3_DAPI.tif,0,0,0,0,0,0,0,R:\Sean\2018-07-02_PKH26_P.exo_Tail_Vein_Injection,Done,16383,0,0.136166433804,0.136166433804,-12.5762147586,0.510170482597,file:///R:/Sean/2018-07-02_PKH26_P.exo_Tail_Vein_Injection/30_5ug_liver_3_3_3_DAPI.tif,1940
-1,2062.0,0,0,0.3900025,0,5.7564369,30_5ug_liver_3_3_4_DAPI.tif,0,44,1,1460,44,eLvm+oYbG00StCvvjIHQJN7FMcBTryQzDVy+wdwKDAKQGzBLQhADXhpCAgHIAIcfkAaGqh0AXSKFyA==,1743f8b60f7b73f27f36ed2283887790,file:///R:/Sean/2018-07-02_PKH26_P.exo_Tail_Vein_Injection/30_5ug_liver_3_3_4_DAPI.tif,0,0,0,0,0,0,0,R:\Sean\2018-07-02_PKH26_P.exo_Tail_Vein_Injection,Done,16383,0,0.166352333734,0.166352333734,-12.268658005,0.0964920108999,file:///R:/Sean/2018-07-02_PKH26_P.exo_Tail_Vein_Injection/30_5ug_liver_3_3_4_DAPI.tif,1940
-1,1876.0,0,0,0.2028013,0,5.8500375,30_5ug_liver_3_3_5_DAPI.tif,0,45,1,1460,45,eLvm+oYbG00StCvvjIHQNN7FMcBTryQzDVy+wdwKDAKQGzBLQhADXhpCAgHIAIcfkAaGqh0AXXSFyQ==,d28902eb4f737268307716628428f88b,file:///R:/Sean/2018-07-02_PKH26_P.exo_Tail_Vein_Injection/30_5ug_liver_3_3_5_DAPI.tif,0,0,0,0,0,0,0,R:\Sean\2018-07-02_PKH26_P.exo_Tail_Vein_Injection,Done,16383,0,0.136564517394,0.136564517394,-12.2419341936,0.107193079378,file:///R:/Sean/2018-07-02_PKH26_P.exo_Tail_Vein_Injection/30_5ug_liver_3_3_5_DAPI.tif,1940
-1,1463.0,0,0,0.2340015,0,6.1308393,30_5ug_lung_2_1_1_DAPI.tif,0,46,1,1460,46,eLvm+oYbG00SNMlppXnp8UbgAs/FMcBTryQzDVy8wZwKDAGQEzALQhADXhhCwgDIAAcfkAYGqh0Ayi2FVg==,6664e34eece3bb5642763797c0cd45dd,file:///R:/Sean/2018-07-02_PKH26_P.exo_Tail_Vein_Injection/30_5ug_lung_2_1_1_DAPI.tif,0,0,0,0,0,0,0,R:\Sean\2018-07-02_PKH26_P.exo_Tail_Vein_Injection,Done,16383,0,0.243858024711,0.243858024711,-13.512628307,0.359468101989,file:///R:/Sean/2018-07-02_PKH26_P.exo_Tail_Vein_Injection/30_5ug_lung_2_1_1_DAPI.tif,1940
-1,1293.0,0,0,0.4056026,0,7.4100475,30_5ug_lung_2_1_2_DAPI.tif,0,47,1,1460,47,eLvm+oYbG00SNMlppXnp8UbA4s4o3sUxwFOvJDMNXLzBnAoMAZATMAtCEANeGELCAMgABx+QBgaqHQDKf4VX,2ffabc1d3604c629af71466d5187e5dd,file:///R:/Sean/2018-07-02_PKH26_P.exo_Tail_Vein_Injection/30_5ug_lung_2_1_2_DAPI.tif,0,0,0,0,0,0,0,R:\Sean\2018-07-02_PKH26_P.exo_Tail_Vein_Injection,Done,16383,0,0.290605760179,0.290605760179,-13.6865561644,0.311800531651,file:///R:/Sean/2018-07-02_PKH26_P.exo_Tail_Vein_Injection/30_5ug_lung_2_1_2_DAPI.tif,1940
-1,1171.0,0,0,0.2340015,0,5.8188373,30_5ug_lung_2_1_3_DAPI.tif,0,48,1,1460,48,eLvm+oYbG00SNMlppXnp8UbA4s443sUxwFOvJDMNXLzBnAoMAZATMAtCEANeGELCAMgABx+QBgaqHQDK0YVY,e36b3347eb8b53e02f465941428e7a2c,file:///R:/Sean/2018-07-02_PKH26_P.exo_Tail_Vein_Injection/30_5ug_lung_2_1_3_DAPI.tif,0,0,0,0,0,0,0,R:\Sean\2018-07-02_PKH26_P.exo_Tail_Vein_Injection,Done,16383,0,0.290414122166,0.290414122166,-12.8720254259,0.261193027779,file:///R:/Sean/2018-07-02_PKH26_P.exo_Tail_Vein_Injection/30_5ug_lung_2_1_3_DAPI.tif,1940
-1,1023.0,0,0,0.1092007,0,5.3820345,30_5ug_lung_2_1_4_DAPI.tif,0,49,1,1460,49,eLvm+oYbG00SNMlppXnp8UbA4s4k3sUxwFOvJDMNXLzBnAoMAZATMAtCEANeGELCAMgABx+QBgaqHQDLI4VZ,94464f1579f168237966f1cf31771632,file:///R:/Sean/2018-07-02_PKH26_P.exo_Tail_Vein_Injection/30_5ug_lung_2_1_4_DAPI.tif,0,0,0,0,0,0,0,R:\Sean\2018-07-02_PKH26_P.exo_Tail_Vein_Injection,Done,16383,0,0.248051440576,0.248051440576,-12.9315566398,0.346716726053,file:///R:/Sean/2018-07-02_PKH26_P.exo_Tail_Vein_Injection/30_5ug_lung_2_1_4_DAPI.tif,1940
-1,1325.0,0,0,0.1716011,0,5.7564369,30_5ug_lung_2_1_5_DAPI.tif,0,50,1,1460,50,eLvm+oYbG00SNMlppXnp8UbA4s403sUxwFOvJDMNXLzBnAoMAZATMAtCEANeGELCAMgABx+QBgaqHQDLdYVa,94e804480c7ce13ffb84af02a8591142,file:///R:/Sean/2018-07-02_PKH26_P.exo_Tail_Vein_Injection/30_5ug_lung_2_1_5_DAPI.tif,0,0,0,0,0,0,0,R:\Sean\2018-07-02_PKH26_P.exo_Tail_Vein_Injection,Done,16383,0,0.191352611873,0.191352611873,-13.3955930622,0.329978694277,file:///R:/Sean/2018-07-02_PKH26_P.exo_Tail_Vein_Injection/30_5ug_lung_2_1_5_DAPI.tif,1940
-1,1745.0,0,0,0.2184014,0,7.0044449,30_5ug_lung_2_2_1_DAPI.tif,0,51,1,1460,51,eLvm+oYbG00SNMlppXnp8UZAaBjv4hjgqVeSmQYu3mBOBYYAyAmYBSGIAS8MIWEAZICDD0gDA9UOAMqBhVc=,546db9ee6ab99eb1d872e9f1e6f1152e,file:///R:/Sean/2018-07-02_PKH26_P.exo_Tail_Vein_Injection/30_5ug_lung_2_2_1_DAPI.tif,0,0,0,0,0,0,0,R:\Sean\2018-07-02_PKH26_P.exo_Tail_Vein_Injection,Done,16383,0,0.20034735091,0.20034735091,-13.566768509,0.37191871373,file:///R:/Sean/2018-07-02_PKH26_P.exo_Tail_Vein_Injection/30_5ug_lung_2_2_1_DAPI.tif,1940
-1,1547.0,0,0,0.2184014,0,6.7548433,30_5ug_lung_2_2_2_DAPI.tif,0,52,1,1460,52,eLvm+oYbG00SNMlppXnp8UZg6OIY4KlXkpkGLt5gTgWGAMgJmAUhiAEvDCFhAGSAgw9IAwPVDgDK04VY,f788d438469e0a87f1da13060a228c72,file:///R:/Sean/2018-07-02_PKH26_P.exo_Tail_Vein_Injection/30_5ug_lung_2_2_2_DAPI.tif,0,0,0,0,0,0,0,R:\Sean\2018-07-02_PKH26_P.exo_Tail_Vein_Injection,Done,16383,0,0.217356273904,0.217356273904,-13.4853411512,0.379056073982,file:///R:/Sean/2018-07-02_PKH26_P.exo_Tail_Vein_Injection/30_5ug_lung_2_2_2_DAPI.tif,1940
-1,1620.0,0,0,0.2184014,0,6.6768428,30_5ug_lung_2_2_3_DAPI.tif,0,53,1,1460,53,eLvm+oYbG00SNMlppXnp8UZAaBzv4hjgqVeSmQYu3mBOBYYAyAmYBSGIAS8MIWEAZICDD0gDA9UOAMslhVk=,c1952da6466c0ee679197309726be1c6,file:///R:/Sean/2018-07-02_PKH26_P.exo_Tail_Vein_Injection/30_5ug_lung_2_2_3_DAPI.tif,0,0,0,0,0,0,0,R:\Sean\2018-07-02_PKH26_P.exo_Tail_Vein_Injection,Done,16383,0,0.173016261077,0.173016261077,-13.3866492788,0.377484928154,file:///R:/Sean/2018-07-02_PKH26_P.exo_Tail_Vein_Injection/30_5ug_lung_2_2_3_DAPI.tif,1940
-1,1606.0,0,0,0.1404009,0,6.7860435,30_5ug_lung_2_2_4_DAPI.tif,0,54,1,1460,54,eLvm+oYbG00SNMlppXnp8UZAaBLv4hjgqVeSmQYu3mBOBYYAyAmYBSGIAS8MIWEAZICDD0gDA9UOAMt3hVo=,94c8a7b7b28cc1fbd03c45f0eacdcf2e,file:///R:/Sean/2018-07-02_PKH26_P.exo_Tail_Vein_Injection/30_5ug_lung_2_2_4_DAPI.tif,0,0,0,0,0,0,0,R:\Sean\2018-07-02_PKH26_P.exo_Tail_Vein_Injection,Done,16383,0,0.152177482145,0.152177482145,-13.0861788685,0.251207018283,file:///R:/Sean/2018-07-02_PKH26_P.exo_Tail_Vein_Injection/30_5ug_lung_2_2_4_DAPI.tif,1940
-1,2122.0,0,0,0.2496016,0,7.2384464,30_5ug_lung_2_2_5_DAPI.tif,0,55,1,1460,55,eLvm+oYbG00SNMlppXnp8UZAaBrv4hjgqVeSmQYu3mBOBYYAyAmYBSGIAS8MIWEAZICDD0gDA9UOAMvJhVs=,5d144b5881bdfbfdaa43aa62a72a3a00,file:///R:/Sean/2018-07-02_PKH26_P.exo_Tail_Vein_Injection/30_5ug_lung_2_2_5_DAPI.tif,0,0,0,0,0,0,0,R:\Sean\2018-07-02_PKH26_P.exo_Tail_Vein_Injection,Done,16383,0,0.2642129499,0.2642129499,-13.6102694983,0.398550419063,file:///R:/Sean/2018-07-02_PKH26_P.exo_Tail_Vein_Injection/30_5ug_lung_2_2_5_DAPI.tif,1940
-1,1309.0,0,0,0.1716011,0,7.0512452,30_5ug_lung_2_3_1_DAPI.tif,0,56,1,1460,56,eLvm+oYbG00SNMlppXnp8UbxxsACz8UxwFOvJDMNXLzBnAoMAZATMAtCEANeGELCAMgABx+QBgaqHQDK1YVY,552758371370983a5d216e4619689824,file:///R:/Sean/2018-07-02_PKH26_P.exo_Tail_Vein_Injection/30_5ug_lung_2_3_1_DAPI.tif,0,0,0,0,0,0,0,R:\Sean\2018-07-02_PKH26_P.exo_Tail_Vein_Injection,Done,16383,0,0.166566088912,0.166566088912,-12.7133204285,0.270093649274,file:///R:/Sean/2018-07-02_PKH26_P.exo_Tail_Vein_Injection/30_5ug_lung_2_3_1_DAPI.tif,1940
-1,1556.0,0,0,0.1872012,0,8.4864544,30_5ug_lung_2_3_2_DAPI.tif,0,57,1,1460,57,eLvm+oYbG00SNMlppXnp8UbxxkDs4hjgqVeSmQYu3mBOBYYAyAmYBSGIAS8MIWEAZICDD0gDA9UOAMsnhVk=,895dceb1db845f663035ada8077aa13b,file:///R:/Sean/2018-07-02_PKH26_P.exo_Tail_Vein_Injection/30_5ug_lung_2_3_2_DAPI.tif,0,0,0,0,0,0,0,R:\Sean\2018-07-02_PKH26_P.exo_Tail_Vein_Injection,Done,16383,0,0.215861567296,0.215861567296,-13.3567352547,0.268558378213,file:///R:/Sean/2018-07-02_PKH26_P.exo_Tail_Vein_Injection/30_5ug_lung_2_3_2_DAPI.tif,1940
-1,1491.0,0,0,0.1716011,0,8.1276521,30_5ug_lung_2_3_3_DAPI.tif,0,58,1,1460,58,eLvm+oYbG00SNMlppXnp8UbxxkDo4hjgqVeSmQYu3mBOBYYAyAmYBSGIAS8MIWEAZICDD0gDA9UOAMt5hVo=,e483b6b4e7281fa24961b75a5c894fed,file:///R:/Sean/2018-07-02_PKH26_P.exo_Tail_Vein_Injection/30_5ug_lung_2_3_3_DAPI.tif,0,0,0,0,0,0,0,R:\Sean\2018-07-02_PKH26_P.exo_Tail_Vein_Injection,Done,16383,0,0.231820133282,0.231820133282,-13.3075081226,0.297214262443,file:///R:/Sean/2018-07-02_PKH26_P.exo_Tail_Vein_Injection/30_5ug_lung_2_3_3_DAPI.tif,1940
-1,1595.0,0,0,0.2496016,0,7.3788473,30_5ug_lung_2_3_4_DAPI.tif,0,59,1,1460,59,eLvm+oYbG00SNMlppXnp8UbxxvEm8S6OAZ56JZlp4OIN5lRgCICcgFkQghjwwhASBkAGOPiANDBQ7QDLy4Vb,03c2d5df7c6f6647bc2c2f191987b1c9,file:///R:/Sean/2018-07-02_PKH26_P.exo_Tail_Vein_Injection/30_5ug_lung_2_3_4_DAPI.tif,0,0,0,0,0,0,0,R:\Sean\2018-07-02_PKH26_P.exo_Tail_Vein_Injection,Done,16383,0,0.278197733685,0.278197733685,-13.6594214308,0.288806464268,file:///R:/Sean/2018-07-02_PKH26_P.exo_Tail_Vein_Injection/30_5ug_lung_2_3_4_DAPI.tif,1940
-1,1448.0,0,0,0.2184014,0,7.4724479,30_5ug_lung_2_3_5_DAPI.tif,0,60,1,1460,60,eLvm+oYbG00SNMlppXnp8UbxxvGm8S6OAZ56JZlp4OIN5lRgCICcgFkQghjwwhASBkAGOPiANDBQ7QDMHYVc,9db6b628e762c786a8ace3b78828127f,file:///R:/Sean/2018-07-02_PKH26_P.exo_Tail_Vein_Injection/30_5ug_lung_2_3_5_DAPI.tif,0,0,0,0,0,0,0,R:\Sean\2018-07-02_PKH26_P.exo_Tail_Vein_Injection,Done,16383,0,0.154901128029,0.154901128029,-13.2272636509,0.405990746062,file:///R:/Sean/2018-07-02_PKH26_P.exo_Tail_Vein_Injection/30_5ug_lung_2_3_5_DAPI.tif,1940
-1,1493.0,0,0,0.2340015,0,7.0356451,30_5ug_lung_3_1_1_DAPI.tif,0,61,1,1460,61,eLvm+oYbG00SNMlppXnp8cbgAs/FMcBTryQzDVy8wZwKDAGQEzALQhADXhhCwgDIAAcfkAYGqh0AyoOFVw==,efc4f0aaeb1e1c8bf6e2ef51e2f3a03a,file:///R:/Sean/2018-07-02_PKH26_P.exo_Tail_Vein_Injection/30_5ug_lung_3_1_1_DAPI.tif,0,0,0,0,0,0,0,R:\Sean\2018-07-02_PKH26_P.exo_Tail_Vein_Injection,Done,16383,0,0.117355823051,0.117355823051,-12.9371436187,0.220934834875,file:///R:/Sean/2018-07-02_PKH26_P.exo_Tail_Vein_Injection/30_5ug_lung_3_1_1_DAPI.tif,1940
-1,1289.0,0,0,0.1872012,0,6.6144424,30_5ug_lung_3_1_2_DAPI.tif,0,62,1,1460,62,eLvm+oYbG00SNMlppXnp8cbA4s4o3sUxwFOvJDMNXLzBnAoMAZATMAtCEANeGELCAMgABx+QBgaqHQDK1YVY,f804e79b9c511f84630c5f5052b087ba,file:///R:/Sean/2018-07-02_PKH26_P.exo_Tail_Vein_Injection/30_5ug_lung_3_1_2_DAPI.tif,0,0,0,0,0,0,0,R:\Sean\2018-07-02_PKH26_P.exo_Tail_Vein_Injection,Done,16383,0,0.192516563227,0.192516563227,-12.2905076085,0.260619757886,file:///R:/Sean/2018-07-02_PKH26_P.exo_Tail_Vein_Injection/30_5ug_lung_3_1_2_DAPI.tif,1940
-1,1037.0,0,0,0.1716011,0,6.8328438,30_5ug_lung_3_1_3_DAPI.tif,0,63,1,1460,63,eLvm+oYbG00SNMlppXnp8cbA4s443sUxwFOvJDMNXLzBnAoMAZATMAtCEANeGELCAMgABx+QBgaqHQDLJ4VZ,46e98891acd4bd6e7005960ede3140f5,file:///R:/Sean/2018-07-02_PKH26_P.exo_Tail_Vein_Injection/30_5ug_lung_3_1_3_DAPI.tif,0,0,0,0,0,0,0,R:\Sean\2018-07-02_PKH26_P.exo_Tail_Vein_Injection,Done,16383,0,0.117003426421,0.117003426421,-12.3419711946,0.309246250662,file:///R:/Sean/2018-07-02_PKH26_P.exo_Tail_Vein_Injection/30_5ug_lung_3_1_3_DAPI.tif,1940
-1,1366.0,0,0,0.1872012,0,7.1292457,30_5ug_lung_3_1_4_DAPI.tif,0,64,1,1460,64,eLvm+oYbG00SNMlppXnp8cbA4s4k3sUxwFOvJDMNXLzBnAoMAZATMAtCEANeGELCAMgABx+QBgaqHQDLeYVa,fe2e67642795da0cbb9f71fd68bcb0a0,file:///R:/Sean/2018-07-02_PKH26_P.exo_Tail_Vein_Injection/30_5ug_lung_3_1_4_DAPI.tif,0,0,0,0,0,0,0,R:\Sean\2018-07-02_PKH26_P.exo_Tail_Vein_Injection,Done,16383,0,0.102287927992,0.102287927992,-12.7328051612,0.109211828104,file:///R:/Sean/2018-07-02_PKH26_P.exo_Tail_Vein_Injection/30_5ug_lung_3_1_4_DAPI.tif,1940
-1,1413.0,0,0,0.1716011,0,6.2556401,30_5ug_lung_3_1_5_DAPI.tif,0,65,1,1460,65,eLvm+oYbG00SNMlppXnp8cbA4s403sUxwFOvJDMNXLzBnAoMAZATMAtCEANeGELCAMgABx+QBgaqHQDLy4Vb,66f27eb01727cd4ac5f93dabe4521c72,file:///R:/Sean/2018-07-02_PKH26_P.exo_Tail_Vein_Injection/30_5ug_lung_3_1_5_DAPI.tif,0,0,0,0,0,0,0,R:\Sean\2018-07-02_PKH26_P.exo_Tail_Vein_Injection,Done,16383,0,0.168906571576,0.168906571576,-12.8968484009,0.166665754647,file:///R:/Sean/2018-07-02_PKH26_P.exo_Tail_Vein_Injection/30_5ug_lung_3_1_5_DAPI.tif,1940
-1,1314.0,0,0,0.2652017,0,7.5348483,30_5ug_lung_3_2_1_DAPI.tif,0,66,1,1460,66,eLvm+oYbG00SNMlppXnp8cbxRsACz8UxwFOvJDMNXLzBnAoMAZATMAtCEANeGELCAMgABx+QBgaqHQDK14VY,75c851d30de2da3299cf22c49821a35a,file:///R:/Sean/2018-07-02_PKH26_P.exo_Tail_Vein_Injection/30_5ug_lung_3_2_1_DAPI.tif,0,0,0,0,0,0,0,R:\Sean\2018-07-02_PKH26_P.exo_Tail_Vein_Injection,Done,16383,0,0.249148362083,0.249148362083,-13.5932181055,0.41026844209,file:///R:/Sean/2018-07-02_PKH26_P.exo_Tail_Vein_Injection/30_5ug_lung_3_2_1_DAPI.tif,1940
-1,1134.0,0,0,0.2184014,0,6.3024404,30_5ug_lung_3_2_2_DAPI.tif,0,67,1,1460,67,eLvm+oYbG00SNMlppXnp8cbxRkDo4hjgqVeSmQYu3mBOBYYAyAmYBSGIAS8MIWEAZICDD0gDA9UOAMsphVk=,d670d22e4bfc6d8c692eedcd7ffbf4e0,file:///R:/Sean/2018-07-02_PKH26_P.exo_Tail_Vein_Injection/30_5ug_lung_3_2_2_DAPI.tif,0,0,0,0,0,0,0,R:\Sean\2018-07-02_PKH26_P.exo_Tail_Vein_Injection,Done,16383,0,0.136857226258,0.136857226258,-13.1404979842,0.224158841636,file:///R:/Sean/2018-07-02_PKH26_P.exo_Tail_Vein_Injection/30_5ug_lung_3_2_2_DAPI.tif,1940
-1,1277.0,0,0,0.1872012,0,7.1448458,30_5ug_lung_3_2_3_DAPI.tif,0,68,1,1460,68,eLvm+oYbG00SNMlppXnp8cbxRkDs4hjgqVeSmQYu3mBOBYYAyAmYBSGIAS8MIWEAZICDD0gDA9UOAMt7hVo=,d97ed1f0932ecb2ac233b30278047785,file:///R:/Sean/2018-07-02_PKH26_P.exo_Tail_Vein_Injection/30_5ug_lung_3_2_3_DAPI.tif,0,0,0,0,0,0,0,R:\Sean\2018-07-02_PKH26_P.exo_Tail_Vein_Injection,Done,16383,0,0.254789841129,0.254789841129,-13.6016542402,0.405348883627,file:///R:/Sean/2018-07-02_PKH26_P.exo_Tail_Vein_Injection/30_5ug_lung_3_2_3_DAPI.tif,1940
-1,1251.0,0,0,0.1716011,0,6.1152392,30_5ug_lung_3_2_4_DAPI.tif,0,69,1,1460,69,eLvm+oYbG00SNMlppXnp8cbxRvEm8S6OAZ56JZlp4OIN5lRgCICcgFkQghjwwhASBkAGOPiANDBQ7QDLzYVb,f12762216db1b39311de6324ba001a24,file:///R:/Sean/2018-07-02_PKH26_P.exo_Tail_Vein_Injection/30_5ug_lung_3_2_4_DAPI.tif,0,0,0,0,0,0,0,R:\Sean\2018-07-02_PKH26_P.exo_Tail_Vein_Injection,Done,16383,0,0.137973687844,0.137973687844,-13.0438987618,0.248940038436,file:///R:/Sean/2018-07-02_PKH26_P.exo_Tail_Vein_Injection/30_5ug_lung_3_2_4_DAPI.tif,1940
-1,1225.0,0,0,0.1248008,0,5.772037,30_5ug_lung_3_2_5_DAPI.tif,0,70,1,1460,70,eLvm+oYbG00SNMlppXnp8cbxRvGm8S6OAZ56JZlp4OIN5lRgCICcgFkQghjwwhASBkAGOPiANDBQ7QDMH4Vc,66faf1cb87256408672ffbfe12669f0f,file:///R:/Sean/2018-07-02_PKH26_P.exo_Tail_Vein_Injection/30_5ug_lung_3_2_5_DAPI.tif,0,0,0,0,0,0,0,R:\Sean\2018-07-02_PKH26_P.exo_Tail_Vein_Injection,Done,16383,0,0.139860579278,0.139860579278,-13.1339655274,0.267366396495,file:///R:/Sean/2018-07-02_PKH26_P.exo_Tail_Vein_Injection/30_5ug_lung_3_2_5_DAPI.tif,1940
-1,1092.0,0,0,0.1872012,0,5.7564369,30_5ug_lung_3_3_1_DAPI.tif,0,71,1,1460,71,eLvm+oYbG00SNMlppXnp8cZAaBjv4hjgqVeSmQYu3mBOBYYAyAmYBSGIAS8MIWEAZICDD0gDA9UOAMsrhVk=,1448de748f09cc050beada300091a1db,file:///R:/Sean/2018-07-02_PKH26_P.exo_Tail_Vein_Injection/30_5ug_lung_3_3_1_DAPI.tif,0,0,0,0,0,0,0,R:\Sean\2018-07-02_PKH26_P.exo_Tail_Vein_Injection,Done,16383,0,0.234116156818,0.234116156818,-13.4088334866,0.335541240929,file:///R:/Sean/2018-07-02_PKH26_P.exo_Tail_Vein_Injection/30_5ug_lung_3_3_1_DAPI.tif,1940
-1,941.0,0,0,0.1248008,0,5.2416336,30_5ug_lung_3_3_2_DAPI.tif,0,72,1,1460,72,eLvm+oYbG00SNMlppXnp8cZAaBTv4hjgqVeSmQYu3mBOBYYAyAmYBSGIAS8MIWEAZICDD0gDA9UOAMt9hVo=,cd2892ffd3b7884641dcff7269aec87f,file:///R:/Sean/2018-07-02_PKH26_P.exo_Tail_Vein_Injection/30_5ug_lung_3_3_2_DAPI.tif,0,0,0,0,0,0,0,R:\Sean\2018-07-02_PKH26_P.exo_Tail_Vein_Injection,Done,16383,0,0.202761645429,0.202761645429,-13.1973799315,0.222783127679,file:///R:/Sean/2018-07-02_PKH26_P.exo_Tail_Vein_Injection/30_5ug_lung_3_3_2_DAPI.tif,1940
-1,1314.0,0,0,0.2184014,0,6.0216386,30_5ug_lung_3_3_3_DAPI.tif,0,73,1,1460,73,eLvm+oYbG00SNMlppXnp8cZg6OIY4KlXkpkGLt5gTgWGAMgJmAUhiAEvDCFhAGSAgw9IAwPVDgDLz4Vb,b6220c39e568437b84dcac8f53f34f8d,file:///R:/Sean/2018-07-02_PKH26_P.exo_Tail_Vein_Injection/30_5ug_lung_3_3_3_DAPI.tif,0,0,0,0,0,0,0,R:\Sean\2018-07-02_PKH26_P.exo_Tail_Vein_Injection,Done,16383,0,0.207541138632,0.207541138632,-13.4091967504,0.296677993429,file:///R:/Sean/2018-07-02_PKH26_P.exo_Tail_Vein_Injection/30_5ug_lung_3_3_3_DAPI.tif,1940
-1,758.0,0,0,0.2340015,0,6.0528388,30_5ug_lung_3_3_4_DAPI.tif,0,74,1,1460,74,eLvm+oYbG00SNMlppXnp8cZAaBLv4hjgqVeSmQYu3mBOBYYAyAmYBSGIAS8MIWEAZICDD0gDA9UOAMwhhVw=,5616b61b3aa34fb3ce3d7746ea4ba89b,file:///R:/Sean/2018-07-02_PKH26_P.exo_Tail_Vein_Injection/30_5ug_lung_3_3_4_DAPI.tif,0,0,0,0,0,0,0,R:\Sean\2018-07-02_PKH26_P.exo_Tail_Vein_Injection,Done,16383,0,0.164401619229,0.164401619229,-13.3626353101,0.319520213351,file:///R:/Sean/2018-07-02_PKH26_P.exo_Tail_Vein_Injection/30_5ug_lung_3_3_4_DAPI.tif,1940
-1,951.0,0,0,0.2340015,0,6.1152392,30_5ug_lung_3_3_5_DAPI.tif,0,75,1,1460,75,eLvm+oYbG00SNMlppXnp8cZAaBrv4hjgqVeSmQYu3mBOBYYAyAmYBSGIAS8MIWEAZICDD0gDA9UOAMxzhV0=,7e69420e7aee918ce865307af14b44c7,file:///R:/Sean/2018-07-02_PKH26_P.exo_Tail_Vein_Injection/30_5ug_lung_3_3_5_DAPI.tif,0,0,0,0,0,0,0,R:\Sean\2018-07-02_PKH26_P.exo_Tail_Vein_Injection,Done,16383,0,0.187637410825,0.187637410825,-13.4221163564,0.376032933086,file:///R:/Sean/2018-07-02_PKH26_P.exo_Tail_Vein_Injection/30_5ug_lung_3_3_5_DAPI.tif,1940
-1,1394.0,0,0,0.2808018,0,6.7236431,30_5ug_lung_4_1_1_DAPI.tif,0,76,1,1460,76,eLvm+oYbG00SNMlppXnp8SbgAs/FMcBTryQzDVy8wZwKDAGQEzALQhADXhhCwgDIAAcfkAYGqh0AytmFWA==,3dd04e3ad8c4d27c77341039eb4bd2d1,file:///R:/Sean/2018-07-02_PKH26_P.exo_Tail_Vein_Injection/30_5ug_lung_4_1_1_DAPI.tif,0,0,0,0,0,0,0,R:\Sean\2018-07-02_PKH26_P.exo_Tail_Vein_Injection,Done,16383,0,0.226797054289,0.226797054289,-13.648979665,0.429712500031,file:///R:/Sean/2018-07-02_PKH26_P.exo_Tail_Vein_Injection/30_5ug_lung_4_1_1_DAPI.tif,1940
-1,1404.0,0,0,0.1716011,0,6.6300425,30_5ug_lung_4_1_2_DAPI.tif,0,77,1,1460,77,eLvm+oYbG00SNMlppXnp8SbA4s4o3sUxwFOvJDMNXLzBnAoMAZATMAtCEANeGELCAMgABx+QBgaqHQDLK4VZ,ce66bb4fc858cb6ab09ccf544560e190,file:///R:/Sean/2018-07-02_PKH26_P.exo_Tail_Vein_Injection/30_5ug_lung_4_1_2_DAPI.tif,0,0,0,0,0,0,0,R:\Sean\2018-07-02_PKH26_P.exo_Tail_Vein_Injection,Done,16383,0,0.169985185494,0.169985185494,-13.1458999742,0.269295592351,file:///R:/Sean/2018-07-02_PKH26_P.exo_Tail_Vein_Injection/30_5ug_lung_4_1_2_DAPI.tif,1940
-1,1772.0,0,0,0.2340015,0,7.4568478,30_5ug_lung_4_1_3_DAPI.tif,0,78,1,1460,78,eLvm+oYbG00SNMlppXnp8SbA4s443sUxwFOvJDMNXLzBnAoMAZATMAtCEANeGELCAMgABx+QBgaqHQDLfYVa,754d0284286fd222ef42d0e82112f0fd,file:///R:/Sean/2018-07-02_PKH26_P.exo_Tail_Vein_Injection/30_5ug_lung_4_1_3_DAPI.tif,0,0,0,0,0,0,0,R:\Sean\2018-07-02_PKH26_P.exo_Tail_Vein_Injection,Done,16383,0,0.144193304237,0.144193304237,-13.2249558651,0.183931686572,file:///R:/Sean/2018-07-02_PKH26_P.exo_Tail_Vein_Injection/30_5ug_lung_4_1_3_DAPI.tif,1940
-1,772.0,0,0,0.2028013,0,5.3196341,30_5ug_lung_4_1_4_DAPI.tif,0,79,1,1460,79,eLvm+oYbG00SNMlppXnp8SbA4s4k3sUxwFOvJDMNXLzBnAoMAZATMAtCEANeGELCAMgABx+QBgaqHQDLz4Vb,c6d3a7108d8744a8a2d1619567f11e0e,file:///R:/Sean/2018-07-02_PKH26_P.exo_Tail_Vein_Injection/30_5ug_lung_4_1_4_DAPI.tif,0,0,0,0,0,0,0,R:\Sean\2018-07-02_PKH26_P.exo_Tail_Vein_Injection,Done,16383,0,0.150628751144,0.150628751144,-13.2219849526,0.387255444516,file:///R:/Sean/2018-07-02_PKH26_P.exo_Tail_Vein_Injection/30_5ug_lung_4_1_4_DAPI.tif,1940
-1,1369.0,0,0,0.1716011,0,6.1932397,30_5ug_lung_4_1_5_DAPI.tif,0,80,1,1460,80,eLvm+oYbG00SNMlppXnp8SbA4s403sUxwFOvJDMNXLzBnAoMAZATMAtCEANeGELCAMgABx+QBgaqHQDMIYVc,16262e8b80676d62b26b53d58d362e2f,file:///R:/Sean/2018-07-02_PKH26_P.exo_Tail_Vein_Injection/30_5ug_lung_4_1_5_DAPI.tif,0,0,0,0,0,0,0,R:\Sean\2018-07-02_PKH26_P.exo_Tail_Vein_Injection,Done,16383,0,0.205376950325,0.205376950325,-13.3798556437,0.275757750217,file:///R:/Sean/2018-07-02_PKH26_P.exo_Tail_Vein_Injection/30_5ug_lung_4_1_5_DAPI.tif,1940
-1,918.0,0,0,0.1248008,0,1.4664094,30_5ug_lung_4_2_1_DAPI.tif,0,81,1,728,81,eLvm+oYbG00SNMlppXnp8SbxRsACz8UxwFOvJDMNXLzBnAoMAZATMAtCEANeGELCAMgABx+QBgaqHQDLLYVZ,6d93b91087a526cc30dd888ed25b0edd,file:///R:/Sean/2018-07-02_PKH26_P.exo_Tail_Vein_Injection/30_5ug_lung_4_2_1_DAPI.tif,0,0,0,0,0,0,0,R:\Sean\2018-07-02_PKH26_P.exo_Tail_Vein_Injection,Done,16383,0,0.261122749653,0.261122749653,-13.404286913,0.246594188827,file:///R:/Sean/2018-07-02_PKH26_P.exo_Tail_Vein_Injection/30_5ug_lung_4_2_1_DAPI.tif,968
-1,1554.0,0,0,0.2184014,0,6.8328438,30_5ug_lung_4_2_2_DAPI.tif,0,82,1,1460,82,eLvm+oYbG00SNMlppXnp8SbxRkDo4hjgqVeSmQYu3mBOBYYAyAmYBSGIAS8MIWEAZICDD0gDA9UOAMt/hVo=,1c9396b06eb17436cd0313a7e9366ff2,file:///R:/Sean/2018-07-02_PKH26_P.exo_Tail_Vein_Injection/30_5ug_lung_4_2_2_DAPI.tif,0,0,0,0,0,0,0,R:\Sean\2018-07-02_PKH26_P.exo_Tail_Vein_Injection,Done,16383,0,0.208491259255,0.208491259255,-13.3685403768,0.248450669693,file:///R:/Sean/2018-07-02_PKH26_P.exo_Tail_Vein_Injection/30_5ug_lung_4_2_2_DAPI.tif,1940
-1,966.0,0,0,0.156001,0,5.6628363,30_5ug_lung_4_2_3_DAPI.tif,0,83,1,1460,83,eLvm+oYbG00SNMlppXnp8SbxRvHG8S6OAZ56JZlp4OIN5lRgCICcgFkQghjwwhASBkAGOPiANDBQ7QDL0YVb,2f8338a39efb8b21fbb610a6553b21ed,file:///R:/Sean/2018-07-02_PKH26_P.exo_Tail_Vein_Injection/30_5ug_lung_4_2_3_DAPI.tif,0,0,0,0,0,0,0,R:\Sean\2018-07-02_PKH26_P.exo_Tail_Vein_Injection,Done,16383,0,0.189056818606,0.189056818606,-13.5162503575,0.447299440008,file:///R:/Sean/2018-07-02_PKH26_P.exo_Tail_Vein_Injection/30_5ug_lung_4_2_3_DAPI.tif,1940
-1,1509.0,0,0,0.3276021,0,5.9904384,30_5ug_lung_4_2_4_DAPI.tif,0,84,1,1460,84,eLvm+oYbG00SNMlppXnp8SbxRkDs4hjgqVeSmQYu3mBOBYYAyAmYBSGIAS8MIWEAZICDD0gDA9UOAMwjhVw=,ad3810a67138ad4417a6e86d1a58fd04,file:///R:/Sean/2018-07-02_PKH26_P.exo_Tail_Vein_Injection/30_5ug_lung_4_2_4_DAPI.tif,0,0,0,0,0,0,0,R:\Sean\2018-07-02_PKH26_P.exo_Tail_Vein_Injection,Done,16383,0,0.155379476491,0.155379476491,-13.0228440476,0.229987831921,file:///R:/Sean/2018-07-02_PKH26_P.exo_Tail_Vein_Injection/30_5ug_lung_4_2_4_DAPI.tif,1940
-1,1436.0,0,0,0.1716011,0,6.1932397,30_5ug_lung_4_2_5_DAPI.tif,0,85,1,1460,85,eLvm+oYbG00SNMlppXnp8SbxRvGm8S6OAZ56JZlp4OIN5lRgCICcgFkQghjwwhASBkAGOPiANDBQ7QDMdYVd,66863ebe0ceb71680a085d1dce3d809f,file:///R:/Sean/2018-07-02_PKH26_P.exo_Tail_Vein_Injection/30_5ug_lung_4_2_5_DAPI.tif,0,0,0,0,0,0,0,R:\Sean\2018-07-02_PKH26_P.exo_Tail_Vein_Injection,Done,16383,0,0.254020655411,0.254020655411,-13.7380880406,0.347858024656,file:///R:/Sean/2018-07-02_PKH26_P.exo_Tail_Vein_Injection/30_5ug_lung_4_2_5_DAPI.tif,1940
-1,1728.0,0,0,0.3900025,0,6.8328438,30_5ug_lung_4_3_1_DAPI.tif,0,86,1,1460,86,eLvm+oYbG00SNMlppXnp8SbxxsACz8UxwFOvJDMNXLzBnAoMAZATMAtCEANeGELCAMgABx+QBgaqHQDLgYVa,19d230197c473c9734cf2f9801db026b,file:///R:/Sean/2018-07-02_PKH26_P.exo_Tail_Vein_Injection/30_5ug_lung_4_3_1_DAPI.tif,0,0,0,0,0,0,0,R:\Sean\2018-07-02_PKH26_P.exo_Tail_Vein_Injection,Done,16383,0,0.190918559092,0.190918559092,-13.1427887355,0.238527989234,file:///R:/Sean/2018-07-02_PKH26_P.exo_Tail_Vein_Injection/30_5ug_lung_4_3_1_DAPI.tif,1940
-1,1481.0,0,0,0.156001,0,7.0356451,30_5ug_lung_4_3_2_DAPI.tif,0,87,1,1460,87,eLvm+oYbG00SNMlppXnp8SbxxvFG8S6OAZ56JZlp4OIN5lRgCICcgFkQghjwwhASBkAGOPiANDBQ7QDL04Vb,2ce639609e688bc8607ffe5ca233132f,file:///R:/Sean/2018-07-02_PKH26_P.exo_Tail_Vein_Injection/30_5ug_lung_4_3_2_DAPI.tif,0,0,0,0,0,0,0,R:\Sean\2018-07-02_PKH26_P.exo_Tail_Vein_Injection,Done,16383,0,0.201591603691,0.201591603691,-13.3219837402,0.350194020112,file:///R:/Sean/2018-07-02_PKH26_P.exo_Tail_Vein_Injection/30_5ug_lung_4_3_2_DAPI.tif,1940
-1,1702.0,0,0,0.2184014,0,6.5052417,30_5ug_lung_4_3_3_DAPI.tif,0,88,1,1460,88,eLvm+oYbG00SNMlppXnp8SbxxkDo4hjgqVeSmQYu3mBOBYYAyAmYBSGIAS8MIWEAZICDD0gDA9UOAMwlhVw=,a75e6371944c1b10e5488d02aa90751a,file:///R:/Sean/2018-07-02_PKH26_P.exo_Tail_Vein_Injection/30_5ug_lung_4_3_3_DAPI.tif,0,0,0,0,0,0,0,R:\Sean\2018-07-02_PKH26_P.exo_Tail_Vein_Injection,Done,16383,0,0.265753454645,0.265753454645,-13.3051236293,0.234348993081,file:///R:/Sean/2018-07-02_PKH26_P.exo_Tail_Vein_Injection/30_5ug_lung_4_3_3_DAPI.tif,1940
-1,1584.0,0,0,0.2184014,0,6.8328438,30_5ug_lung_4_3_4_DAPI.tif,0,89,1,1460,89,eLvm+oYbG00SNMlppXnp8SbxxkDs4hjgqVeSmQYu3mBOBYYAyAmYBSGIAS8MIWEAZICDD0gDA9UOAMx3hV0=,557ddf36c6ff8c666eafa71a9ccb3243,file:///R:/Sean/2018-07-02_PKH26_P.exo_Tail_Vein_Injection/30_5ug_lung_4_3_4_DAPI.tif,0,0,0,0,0,0,0,R:\Sean\2018-07-02_PKH26_P.exo_Tail_Vein_Injection,Done,16383,0,0.202407751465,0.202407751465,-13.3423389501,0.32368013453,file:///R:/Sean/2018-07-02_PKH26_P.exo_Tail_Vein_Injection/30_5ug_lung_4_3_4_DAPI.tif,1940
-1,2078.0,0,0,0.1716011,0,8.5176546,30_5ug_lung_4_3_5_DAPI.tif,0,90,1,1460,90,eLvm+oYbG00SNMlppXnp8SbxxvGm8S6OAZ56JZlp4OIN5lRgCICcgFkQghjwwhASBkAGOPiANDBQ7QDMyYVe,3cdac2878cd2238cb742329e14f23a06,file:///R:/Sean/2018-07-02_PKH26_P.exo_Tail_Vein_Injection/30_5ug_lung_4_3_5_DAPI.tif,0,0,0,0,0,0,0,R:\Sean\2018-07-02_PKH26_P.exo_Tail_Vein_Injection,Done,16383,0,0.181540290127,0.181540290127,-13.2083058771,0.186188488255,file:///R:/Sean/2018-07-02_PKH26_P.exo_Tail_Vein_Injection/30_5ug_lung_4_3_5_DAPI.tif,1940
-1,1124.0,0,0,0.2184014,0,4.5084289,30_dye_liver_4_1_1_DAPI.tif,0,91,1,1460,91,eLvm+oYbG00S1E4SKZWp0PLOBFziuTgGeOqVZKaByzeYW4FBAHIDZkkIYsBLQ0ggABng8APSwFC1AwBuOoX1,afa522e05973a1d85c85c9cdfa236ac0,file:///R:/Sean/2018-07-02_PKH26_P.exo_Tail_Vein_Injection/30_dye_liver_4_1_1_DAPI.tif,0,0,0,0,0,0,0,R:\Sean\2018-07-02_PKH26_P.exo_Tail_Vein_Injection,Done,16383,0,0.216893772827,0.216893772827,-12.7668816586,0.177115863606,file:///R:/Sean/2018-07-02_PKH26_P.exo_Tail_Vein_Injection/30_dye_liver_4_1_1_DAPI.tif,1940
-1,1671.0,0,0,0.1092007,0,4.9764319,30_dye_liver_4_1_2_DAPI.tif,0,92,1,1460,92,eLvm+oYbG00S1E4SKZWp0PLOBFjeGcW7OAZ46pVkpoHLN5hbgUEAcgNmSQhiwEtDSCAAGeDwA9LAULUDAG6MhfY=,d863abbb33668df9a40b097b744fa924,file:///R:/Sean/2018-07-02_PKH26_P.exo_Tail_Vein_Injection/30_dye_liver_4_1_2_DAPI.tif,0,0,0,0,0,0,0,R:\Sean\2018-07-02_PKH26_P.exo_Tail_Vein_Injection,Done,16383,0,0.168520266656,0.168520266656,-12.8467918136,0.180496908512,file:///R:/Sean/2018-07-02_PKH26_P.exo_Tail_Vein_Injection/30_dye_liver_4_1_2_DAPI.tif,1940
-1,1438.0,0,0,0.1248008,0,4.68003,30_dye_liver_4_1_3_DAPI.tif,0,93,1,1460,93,eLvm+oYbG00S1E4SKZWp0PLOBFjeGce7OAZ46pVkpoHLN5hbgUEAcgNmSQhiwEtDSCAAGeDwA9LAULUDAG7ehfc=,abc4153f22dc7e02f36c803dcb4405db,file:///R:/Sean/2018-07-02_PKH26_P.exo_Tail_Vein_Injection/30_dye_liver_4_1_3_DAPI.tif,0,0,0,0,0,0,0,R:\Sean\2018-07-02_PKH26_P.exo_Tail_Vein_Injection,Done,16383,0,0.184128375025,0.184128375025,-13.008731419,0.181863503506,file:///R:/Sean/2018-07-02_PKH26_P.exo_Tail_Vein_Injection/30_dye_liver_4_1_3_DAPI.tif,1940
-1,1184.0,0,0,0.2028013,0,4.4460285,30_dye_liver_4_1_4_DAPI.tif,0,94,1,1460,94,eLvm+oYbG00S1E4SKZWp0PLOBFjemcS7OAZ46pVkpoHLN5hbgUEAcgNmSQhiwEtDSCAAGeDwA9LAULUDAG8whfg=,4f0025dbb0a517aba1ec6a1ae6063cbd,file:///R:/Sean/2018-07-02_PKH26_P.exo_Tail_Vein_Injection/30_dye_liver_4_1_4_DAPI.tif,0,0,0,0,0,0,0,R:\Sean\2018-07-02_PKH26_P.exo_Tail_Vein_Injection,Done,16383,0,0.194202744868,0.194202744868,-13.0428688524,0.277789607449,file:///R:/Sean/2018-07-02_PKH26_P.exo_Tail_Vein_Injection/30_dye_liver_4_1_4_DAPI.tif,1940
-1,1443.0,0,0,0.2496016,0,4.7268303,30_dye_liver_4_1_5_DAPI.tif,0,95,1,1460,95,eLvm+oYbG00S1E4SKZWp0PLOBFjemca7OAZ46pVkpoHLN5hbgUEAcgNmSQhiwEtDSCAAGeDwA9LAULUDAG+Chfk=,c89cb8dfa4a42fcb4a715c8482bdbe6a,file:///R:/Sean/2018-07-02_PKH26_P.exo_Tail_Vein_Injection/30_dye_liver_4_1_5_DAPI.tif,0,0,0,0,0,0,0,R:\Sean\2018-07-02_PKH26_P.exo_Tail_Vein_Injection,Done,16383,0,0.171903373674,0.171903373674,-12.6814790258,0.131767422077,file:///R:/Sean/2018-07-02_PKH26_P.exo_Tail_Vein_Injection/30_dye_liver_4_1_5_DAPI.tif,1940
-1,1422.0,0,0,0.2184014,0,4.5396291,30_dye_liver_4_2_1_DAPI.tif,0,96,1,1460,96,eLvm+oYbG00S1E4SKZWp0PLOJN4IWOK5OAZ46pVkpoHLN5hbgUEAcgNmSQhiwEtDSCAAGeDwA9LAULUDAG6OhfY=,efad020a0fce5a75df255c4dd68a6de3,file:///R:/Sean/2018-07-02_PKH26_P.exo_Tail_Vein_Injection/30_dye_liver_4_2_1_DAPI.tif,0,0,0,0,0,0,0,R:\Sean\2018-07-02_PKH26_P.exo_Tail_Vein_Injection,Done,16383,0,0.217290309025,0.217290309025,-13.3052366508,0.201835486202,file:///R:/Sean/2018-07-02_PKH26_P.exo_Tail_Vein_Injection/30_dye_liver_4_2_1_DAPI.tif,1940
-1,1265.0,0,0,0.1872012,0,4.7736306,30_dye_liver_4_2_2_DAPI.tif,0,97,1,1460,97,eLvm+oYbG00S1E4SKZWp0PLOJN4ICF0cAzz1SjLTwOUbzK3AIAC5AbMkBDHgpSEkEIAMcPgBaWCo2gEAbuCF9w==,79a5c62d2a2dbf4998f47073136dd345,file:///R:/Sean/2018-07-02_PKH26_P.exo_Tail_Vein_Injection/30_dye_liver_4_2_2_DAPI.tif,0,0,0,0,0,0,0,R:\Sean\2018-07-02_PKH26_P.exo_Tail_Vein_Injection,Done,16383,0,0.205250954954,0.205250954954,-13.0732398589,0.142124666504,file:///R:/Sean/2018-07-02_PKH26_P.exo_Tail_Vein_Injection/30_dye_liver_4_2_2_DAPI.tif,1940
-1,1509.0,0,0,0.2340015,0,4.836031,30_dye_liver_4_2_3_DAPI.tif,0,98,1,1460,98,eLvm+oYbG00S1E4SKZWp0PLOJN4o3jjexTHAU68kMw1cvsHcCgwCkBswS0IQA14aQgIByACHH5AGhqodAG8yhfg=,3a79494f30b473b4820ede1d120e4d96,file:///R:/Sean/2018-07-02_PKH26_P.exo_Tail_Vein_Injection/30_dye_liver_4_2_3_DAPI.tif,0,0,0,0,0,0,0,R:\Sean\2018-07-02_PKH26_P.exo_Tail_Vein_Injection,Done,16383,0,0.191515487153,0.191515487153,-12.9871612237,0.149160632983,file:///R:/Sean/2018-07-02_PKH26_P.exo_Tail_Vein_Injection/30_dye_liver_4_2_3_DAPI.tif,1940
-1,1216.0,0,0,0.2028013,0,4.5864294,30_dye_liver_4_2_4_DAPI.tif,0,99,1,1460,99,eLvm+oYbG00S1E4SKZWp0PLOJN4IiF0cAzz1SjLTwOUbzK3AIAC5AbMkBDHgpSEkEIAMcPgBaWCo2gEAb4SF+Q==,e98dc16eba2f315d403917a3c5fa5e14,file:///R:/Sean/2018-07-02_PKH26_P.exo_Tail_Vein_Injection/30_dye_liver_4_2_4_DAPI.tif,0,0,0,0,0,0,0,R:\Sean\2018-07-02_PKH26_P.exo_Tail_Vein_Injection,Done,16383,0,0.222606998403,0.222606998403,-12.5630385269,0.471339582461,file:///R:/Sean/2018-07-02_PKH26_P.exo_Tail_Vein_Injection/30_dye_liver_4_2_4_DAPI.tif,1940
-1,879.0,0,0,0.1872012,0,4.4304284,30_dye_liver_4_2_5_DAPI.tif,0,100,1,1460,100,eLvm+oYbG00S1E4SKZWp0PLOJN4o3jTexTHAU68kMw1cvsHcCgwCkBswS0IQA14aQgIByACHH5AGhqodAG/Whfo=,a874026b040198426ea8e9f993ffa2d4,file:///R:/Sean/2018-07-02_PKH26_P.exo_Tail_Vein_Injection/30_dye_liver_4_2_5_DAPI.tif,0,0,0,0,0,0,0,R:\Sean\2018-07-02_PKH26_P.exo_Tail_Vein_Injection,Done,16383,0,0.240697658621,0.240697658621,-13.2334437953,0.29969610425,file:///R:/Sean/2018-07-02_PKH26_P.exo_Tail_Vein_Injection/30_dye_liver_4_2_5_DAPI.tif,1940
-1,1976.0,0,0,0.2652017,0,6.3648408,30_dye_liver_4_3_1_DAPI.tif,0,101,1,1460,101,eLvm+oYbG00S1E4SKZWp0PLOJN4YWOK5OAZ46pVkpoHLN5hbgUEAcgNmSQhiwEtDSCAAGeDwA9LAULUDAG7ihfc=,4b4debf4c40d2c3de8cfc5ee90a72b9f,file:///R:/Sean/2018-07-02_PKH26_P.exo_Tail_Vein_Injection/30_dye_liver_4_3_1_DAPI.tif,0,0,0,0,0,0,0,R:\Sean\2018-07-02_PKH26_P.exo_Tail_Vein_Injection,Done,16383,0,0.153127817903,0.153127817903,-12.4414465681,0.114285868289,file:///R:/Sean/2018-07-02_PKH26_P.exo_Tail_Vein_Injection/30_dye_liver_4_3_1_DAPI.tif,1940
-1,1890.0,0,0,0.2496016,0,5.6940365,30_dye_liver_4_3_2_DAPI.tif,0,102,1,1460,102,eLvm+oYbG00S1E4SKZWp0PLOJN443ijexTHAU68kMw1cvsHcCgwCkBswS0IQA14aQgIByACHH5AGhqodAG80hfg=,c652607ed832e5dd19b4956498324fca,file:///R:/Sean/2018-07-02_PKH26_P.exo_Tail_Vein_Injection/30_dye_liver_4_3_2_DAPI.tif,0,0,0,0,0,0,0,R:\Sean\2018-07-02_PKH26_P.exo_Tail_Vein_Injection,Done,16383,0,0.243428786518,0.243428786518,-12.3509080634,0.140193392626,file:///R:/Sean/2018-07-02_PKH26_P.exo_Tail_Vein_Injection/30_dye_liver_4_3_2_DAPI.tif,1940
-1,1809.0,0,0,0.1872012,0,6.0372387,30_dye_liver_4_3_3_DAPI.tif,0,103,1,1460,103,eLvm+oYbG00S1E4SKZWp0PLOJN4YCF0cAzz1SjLTwOUbzK3AIAC5AbMkBDHgpSEkEIAMcPgBaWCo2gEAb4aF+Q==,28718f3147b069895f9036c29c967eef,file:///R:/Sean/2018-07-02_PKH26_P.exo_Tail_Vein_Injection/30_dye_liver_4_3_3_DAPI.tif,0,0,0,0,0,0,0,R:\Sean\2018-07-02_PKH26_P.exo_Tail_Vein_Injection,Done,16383,0,0.199686774518,0.199686774518,-12.7496474756,0.119626804638,file:///R:/Sean/2018-07-02_PKH26_P.exo_Tail_Vein_Injection/30_dye_liver_4_3_3_DAPI.tif,1940
-1,2027.0,0,0,0.2964019,0,6.2088398,30_dye_liver_4_3_4_DAPI.tif,0,104,1,1460,104,eLvm+oYbG00S1E4SKZWp0PLOJN4YiF0cAzz1SjLTwOUbzK3AIAC5AbMkBDHgpSEkEIAMcPgBaWCo2gEAb9iF+g==,8b7449bd969b34cb4ad42cde8e7a0ca2,file:///R:/Sean/2018-07-02_PKH26_P.exo_Tail_Vein_Injection/30_dye_liver_4_3_4_DAPI.tif,0,0,0,0,0,0,0,R:\Sean\2018-07-02_PKH26_P.exo_Tail_Vein_Injection,Done,16383,0,0.214153882349,0.214153882349,-13.0688861823,0.21500752396,file:///R:/Sean/2018-07-02_PKH26_P.exo_Tail_Vein_Injection/30_dye_liver_4_3_4_DAPI.tif,1940
-1,1975.0,0,0,0.3588023,0,5.9124379,30_dye_liver_4_3_5_DAPI.tif,0,105,1,1460,105,eLvm+oYbG00S1E4SKZWp0PLOJN443jTexTHAU68kMw1cvsHcCgwCkBswS0IQA14aQgIByACHH5AGhqodAHAqhfs=,f85e307c864f30fe5c26e2a14ab0839e,file:///R:/Sean/2018-07-02_PKH26_P.exo_Tail_Vein_Injection/30_dye_liver_4_3_5_DAPI.tif,0,0,0,0,0,0,0,R:\Sean\2018-07-02_PKH26_P.exo_Tail_Vein_Injection,Done,16383,0,0.133302402915,0.133302402915,-12.2312402033,0.107338632616,file:///R:/Sean/2018-07-02_PKH26_P.exo_Tail_Vein_Injection/30_dye_liver_4_3_5_DAPI.tif,1940
-1,1612.0,0,0,0.2652017,0,6.3180405,30_dye_lung_1_1_1_DAPI.tif,0,106,1,1460,106,eLvm+oYbG00S1E4SKZWp8Tmleeng4s4w3sUxwFOvJDMNXLzBnAoMAZATMAtCEANeGELCAMgABx+QBgaqHQDcBoWG,ba976c014c93aeec1be277ff600efb4d,file:///R:/Sean/2018-07-02_PKH26_P.exo_Tail_Vein_Injection/30_dye_lung_1_1_1_DAPI.tif,0,0,0,0,0,0,0,R:\Sean\2018-07-02_PKH26_P.exo_Tail_Vein_Injection,Done,16383,0,0.219995019026,0.219995019026,-13.5046564296,0.586849758609,file:///R:/Sean/2018-07-02_PKH26_P.exo_Tail_Vein_Injection/30_dye_lung_1_1_1_DAPI.tif,1940
-1,2059.0,0,0,0.3432022,0,7.4412477,30_dye_lung_1_1_2_DAPI.tif,0,107,1,1460,107,eLvm+oYbG00S1E4SKZWp8Tmleeng4s4o3sUxwFOvJDMNXLzBnAoMAZATMAtCEANeGELCAMgABx+QBgaqHQDcWIWH,653027b67905cafe660bf0e8b145d7f3,file:///R:/Sean/2018-07-02_PKH26_P.exo_Tail_Vein_Injection/30_dye_lung_1_1_2_DAPI.tif,0,0,0,0,0,0,0,R:\Sean\2018-07-02_PKH26_P.exo_Tail_Vein_Injection,Done,16383,0,0.180980985984,0.180980985984,-13.3900004363,0.326367272834,file:///R:/Sean/2018-07-02_PKH26_P.exo_Tail_Vein_Injection/30_dye_lung_1_1_2_DAPI.tif,1940
-1,1252.0,0,0,0.156001,0,6.5208418,30_dye_lung_1_1_3_DAPI.tif,0,108,1,1460,108,eLvm+oYbG00S1E4SKZWp8Tmleeng4s443sUxwFOvJDMNXLzBnAoMAZATMAtCEANeGELCAMgABx+QBgaqHQDcqoWI,a8545b4f966ed86cafa8f14df1374c5b,file:///R:/Sean/2018-07-02_PKH26_P.exo_Tail_Vein_Injection/30_dye_lung_1_1_3_DAPI.tif,0,0,0,0,0,0,0,R:\Sean\2018-07-02_PKH26_P.exo_Tail_Vein_Injection,Done,16383,0,0.141959538218,0.141959538218,-13.142266666,0.213729659128,file:///R:/Sean/2018-07-02_PKH26_P.exo_Tail_Vein_Injection/30_dye_lung_1_1_3_DAPI.tif,1940
-1,1151.0,0,0,0.3276021,0,6.2088398,30_dye_lung_1_1_4_DAPI.tif,0,109,1,1460,109,eLvm+oYbG00S1E4SKZWp8Tmleeng4s4k3sUxwFOvJDMNXLzBnAoMAZATMAtCEANeGELCAMgABx+QBgaqHQDc/IWJ,4716df5d2bcded920a4a1050aa445b55,file:///R:/Sean/2018-07-02_PKH26_P.exo_Tail_Vein_Injection/30_dye_lung_1_1_4_DAPI.tif,0,0,0,0,0,0,0,R:\Sean\2018-07-02_PKH26_P.exo_Tail_Vein_Injection,Done,16383,0,0.275912768673,0.275912768673,-13.1332797225,0.365590323577,file:///R:/Sean/2018-07-02_PKH26_P.exo_Tail_Vein_Injection/30_dye_lung_1_1_4_DAPI.tif,1940
-1,1290.0,0,0,0.1872012,0,6.2244399,30_dye_lung_1_1_5_DAPI.tif,0,110,1,1460,110,eLvm+oYbG00S1E4SKZWp8Tmleeng4s403sUxwFOvJDMNXLzBnAoMAZATMAtCEANeGELCAMgABx+QBgaqHQDdToWK,407119a175b5669fe0b750e23134158f,file:///R:/Sean/2018-07-02_PKH26_P.exo_Tail_Vein_Injection/30_dye_lung_1_1_5_DAPI.tif,0,0,0,0,0,0,0,R:\Sean\2018-07-02_PKH26_P.exo_Tail_Vein_Injection,Done,16383,0,0.248611371266,0.248611371266,-13.2332776669,0.484001503208,file:///R:/Sean/2018-07-02_PKH26_P.exo_Tail_Vein_Injection/30_dye_lung_1_1_5_DAPI.tif,1940
-1,1711.0,0,0,0.4992032,0,6.4428413,30_dye_lung_1_2_1_DAPI.tif,0,111,1,1460,111,eLvm+oYbG00S1E4SKZWp8TmleenAws4IiF0cAzz1SjLTwMUbzKnAEAA5AbMgBDHghSEkDIAMcPABaWCg2gEA3FqFhw==,8600015336d671e71531763683c45f64,file:///R:/Sean/2018-07-02_PKH26_P.exo_Tail_Vein_Injection/30_dye_lung_1_2_1_DAPI.tif,0,0,0,0,0,0,0,R:\Sean\2018-07-02_PKH26_P.exo_Tail_Vein_Injection,Done,16383,0,0.242163221119,0.242163221119,-13.6066780546,0.415108502614,file:///R:/Sean/2018-07-02_PKH26_P.exo_Tail_Vein_Injection/30_dye_lung_1_2_1_DAPI.tif,1940
-1,1488.0,0,0,0.2028013,0,6.0528388,30_dye_lung_1_2_2_DAPI.tif,0,112,1,1460,112,eLvm+oYbG00S1E4SKZWp8TmleenAws4ICF0cAzz1SjLTwMUbzKnAEAA5AbMgBDHghSEkDIAMcPABaWCg2gEA3KyFiA==,63fe0a52b2bf23d57dadcc2861d028f2,file:///R:/Sean/2018-07-02_PKH26_P.exo_Tail_Vein_Injection/30_dye_lung_1_2_2_DAPI.tif,0,0,0,0,0,0,0,R:\Sean\2018-07-02_PKH26_P.exo_Tail_Vein_Injection,Done,16383,0,0.235116115073,0.235116115073,-13.4490529751,0.40248913605,file:///R:/Sean/2018-07-02_PKH26_P.exo_Tail_Vein_Injection/30_dye_lung_1_2_2_DAPI.tif,1940
-1,1361.0,0,0,0.2184014,0,5.9124379,30_dye_lung_1_2_3_DAPI.tif,0,113,1,1460,113,eLvm+oYbG00S1E4SKZWp8TmleenAws4o3jjexTHAU68kMw1cvMGcCgwBkBMwC0IQA14YQsIAyAAHH5AGBqodANz+hYk=,b6af72c712899fcf10ea777045be302e,file:///R:/Sean/2018-07-02_PKH26_P.exo_Tail_Vein_Injection/30_dye_lung_1_2_3_DAPI.tif,0,0,0,0,0,0,0,R:\Sean\2018-07-02_PKH26_P.exo_Tail_Vein_Injection,Done,16383,0,0.218920632731,0.218920632731,-13.4810660893,0.298867526878,file:///R:/Sean/2018-07-02_PKH26_P.exo_Tail_Vein_Injection/30_dye_lung_1_2_3_DAPI.tif,1940
-1,1485.0,0,0,0.2496016,0,6.3492407,30_dye_lung_1_2_4_DAPI.tif,0,114,1,1460,114,eLvm+oYbG00S1E4SKZWp8TmleenAws4o3iTexTHAU68kMw1cvMGcCgwBkBMwC0IQA14YQsIAyAAHH5AGBqodAN1QhYo=,8fe902f59f88504782a3d6c7e467ee2a,file:///R:/Sean/2018-07-02_PKH26_P.exo_Tail_Vein_Injection/30_dye_lung_1_2_4_DAPI.tif,0,0,0,0,0,0,0,R:\Sean\2018-07-02_PKH26_P.exo_Tail_Vein_Injection,Done,16383,0,0.163638866507,0.163638866507,-13.3274434414,0.330232043844,file:///R:/Sean/2018-07-02_PKH26_P.exo_Tail_Vein_Injection/30_dye_lung_1_2_4_DAPI.tif,1940
-1,1259.0,0,0,0.2184014,0,6.1152392,30_dye_lung_1_2_5_DAPI.tif,0,115,1,1460,115,eLvm+oYbG00S1E4SKZWp8TmleenAws4o3jTexTHAU68kMw1cvMGcCgwBkBMwC0IQA14YQsIAyAAHH5AGBqodAN2ihYs=,d10ee2138e1f1122272e153210dcf09c,file:///R:/Sean/2018-07-02_PKH26_P.exo_Tail_Vein_Injection/30_dye_lung_1_2_5_DAPI.tif,0,0,0,0,0,0,0,R:\Sean\2018-07-02_PKH26_P.exo_Tail_Vein_Injection,Done,16383,0,0.206839116756,0.206839116756,-13.3800585283,0.386828310803,file:///R:/Sean/2018-07-02_PKH26_P.exo_Tail_Vein_Injection/30_dye_lung_1_2_5_DAPI.tif,1940
-1,1749.0,0,0,0.2496016,0,6.9888448,30_dye_lung_1_3_1_DAPI.tif,0,116,1,1460,116,eLvm+oYbG00S1E4SKZWp8TmleenAws4YiF0cAzz1SjLTwMUbzKnAEAA5AbMgBDHghSEkDIAMcPABaWCg2gEA3K6FiA==,f4508e8bdac0e9c18a2e954340e2d15a,file:///R:/Sean/2018-07-02_PKH26_P.exo_Tail_Vein_Injection/30_dye_lung_1_3_1_DAPI.tif,0,0,0,0,0,0,0,R:\Sean\2018-07-02_PKH26_P.exo_Tail_Vein_Injection,Done,16383,0,0.214610190829,0.214610190829,-13.5633973114,0.355243163662,file:///R:/Sean/2018-07-02_PKH26_P.exo_Tail_Vein_Injection/30_dye_lung_1_3_1_DAPI.tif,1940
-1,1473.0,0,0,0.156001,0,6.5676421,30_dye_lung_1_3_2_DAPI.tif,0,117,1,1460,117,eLvm+oYbG00S1E4SKZWp8TmleenAws443ijexTHAU68kMw1cvMGcCgwBkBMwC0IQA14YQsIAyAAHH5AGBqodAN0AhYk=,ba3c5b056c1c057f436ad9548edb2b2e,file:///R:/Sean/2018-07-02_PKH26_P.exo_Tail_Vein_Injection/30_dye_lung_1_3_2_DAPI.tif,0,0,0,0,0,0,0,R:\Sean\2018-07-02_PKH26_P.exo_Tail_Vein_Injection,Done,16383,0,0.201356841251,0.201356841251,-13.5563939436,0.367673787999,file:///R:/Sean/2018-07-02_PKH26_P.exo_Tail_Vein_Injection/30_dye_lung_1_3_2_DAPI.tif,1940
-1,1708.0,0,0,0.5304034,0,6.5676421,30_dye_lung_1_3_3_DAPI.tif,0,118,1,1460,118,eLvm+oYbG00S1E4SKZWp8TmleenAws4YCF0cAzz1SjLTwMUbzKnAEAA5AbMgBDHghSEkDIAMcPABaWCg2gEA3VKFig==,36faef6bc96683e1b9929ad1f1158cd2,file:///R:/Sean/2018-07-02_PKH26_P.exo_Tail_Vein_Injection/30_dye_lung_1_3_3_DAPI.tif,0,0,0,0,0,0,0,R:\Sean\2018-07-02_PKH26_P.exo_Tail_Vein_Injection,Done,16383,0,0.197717628442,0.197717628442,-13.6308195017,0.360685692126,file:///R:/Sean/2018-07-02_PKH26_P.exo_Tail_Vein_Injection/30_dye_lung_1_3_3_DAPI.tif,1940
-1,1327.0,0,0,0.2340015,0,6.3180405,30_dye_lung_1_3_4_DAPI.tif,0,119,1,1460,119,eLvm+oYbG00S1E4SKZWp8TmleenAws443iTexTHAU68kMw1cvMGcCgwBkBMwC0IQA14YQsIAyAAHH5AGBqodAN2khYs=,bec4cf86d85daf6da5ce1de08b360353,file:///R:/Sean/2018-07-02_PKH26_P.exo_Tail_Vein_Injection/30_dye_lung_1_3_4_DAPI.tif,0,0,0,0,0,0,0,R:\Sean\2018-07-02_PKH26_P.exo_Tail_Vein_Injection,Done,16383,0,0.202682601288,0.202682601288,-13.5111997719,0.370220880908,file:///R:/Sean/2018-07-02_PKH26_P.exo_Tail_Vein_Injection/30_dye_lung_1_3_4_DAPI.tif,1940
-1,1500.0,0,0,0.1404009,0,6.3492407,30_dye_lung_1_3_5_DAPI.tif,0,120,1,1460,120,eLvm+oYbG00S1E4SKZWp8TmleenAws443jTexTHAU68kMw1cvMGcCgwBkBMwC0IQA14YQsIAyAAHH5AGBqodAN32hYw=,087f48c04369e23424a6aee303bf9988,file:///R:/Sean/2018-07-02_PKH26_P.exo_Tail_Vein_Injection/30_dye_lung_1_3_5_DAPI.tif,0,0,0,0,0,0,0,R:\Sean\2018-07-02_PKH26_P.exo_Tail_Vein_Injection,Done,16383,0,0.15891989111,0.15891989111,-13.2410367999,0.256177900485,file:///R:/Sean/2018-07-02_PKH26_P.exo_Tail_Vein_Injection/30_dye_lung_1_3_5_DAPI.tif,1940
